47.0,100.0,27.0,81.0,57.0,37.0,26.0,0.0,0.0,23.0,56.0,53.0,100.0,90.0,40.0,98.0,"n"
0.0,89.0,27.0,100.0,42.0,75.0,29.0,45.0,15.0,15.0,37.0,0.0,69.0,2.0,100.0,6.0,"o"
0.0,57.0,31.0,68.0,72.0,90.0,100.0,100.0,76.0,75.0,50.0,51.0,28.0,25.0,16.0,0.0,"o"
0.0,100.0,7.0,92.0,5.0,68.0,19.0,45.0,86.0,34.0,100.0,45.0,74.0,23.0,67.0,0.0,"o"
0.0,67.0,49.0,83.0,100.0,100.0,81.0,80.0,60.0,60.0,40.0,40.0,33.0,20.0,47.0,0.0,"o"
100.0,100.0,88.0,99.0,49.0,74.0,17.0,47.0,0.0,16.0,37.0,0.0,73.0,16.0,20.0,20.0,"o"
0.0,100.0,3.0,72.0,26.0,35.0,85.0,35.0,100.0,71.0,73.0,97.0,65.0,49.0,66.0,0.0,"o"
0.0,39.0,2.0,62.0,11.0,5.0,63.0,0.0,100.0,43.0,89.0,99.0,36.0,100.0,0.0,57.0,"o"
13.0,89.0,12.0,50.0,72.0,38.0,56.0,0.0,4.0,17.0,0.0,61.0,32.0,94.0,100.0,100.0,"o"
57.0,100.0,22.0,72.0,0.0,31.0,25.0,0.0,75.0,13.0,100.0,50.0,75.0,87.0,26.0,85.0,"o"
74.0,87.0,31.0,100.0,0.0,69.0,62.0,64.0,100.0,79.0,100.0,38.0,84.0,0.0,18.0,1.0,"o"
48.0,96.0,62.0,65.0,88.0,27.0,21.0,0.0,21.0,33.0,79.0,67.0,100.0,100.0,0.0,85.0,"n"
100.0,100.0,72.0,99.0,36.0,78.0,34.0,54.0,79.0,47.0,64.0,13.0,19.0,0.0,0.0,2.0,"o"
91.0,74.0,54.0,100.0,0.0,87.0,23.0,59.0,81.0,67.0,100.0,39.0,79.0,4.0,21.0,0.0,"o"
0.0,85.0,38.0,100.0,81.0,88.0,87.0,50.0,84.0,12.0,58.0,0.0,53.0,22.0,100.0,24.0,"o"
35.0,76.0,57.0,100.0,100.0,92.0,68.0,66.0,81.0,38.0,82.0,9.0,32.0,0.0,0.0,17.0,"o"
50.0,84.0,66.0,100.0,75.0,75.0,51.0,51.0,100.0,42.0,97.0,13.0,49.0,0.0,0.0,7.0,"o"
99.0,80.0,63.0,100.0,25.0,76.0,79.0,68.0,100.0,62.0,97.0,23.0,54.0,0.0,0.0,16.0,"o"
24.0,66.0,43.0,100.0,59.0,65.0,34.0,28.0,0.0,1.0,16.0,11.0,58.0,0.0,100.0,1.0,"o"
0.0,73.0,19.0,99.0,72.0,100.0,70.0,73.0,32.0,48.0,5.0,18.0,46.0,0.0,100.0,0.0,"o"
12.0,77.0,20.0,62.0,78.0,40.0,50.0,0.0,1.0,17.0,0.0,64.0,23.0,98.0,100.0,100.0,"o"
0.0,46.0,49.0,64.0,78.0,87.0,100.0,100.0,91.0,75.0,85.0,49.0,75.0,24.0,89.0,0.0,"o"
10.0,86.0,34.0,66.0,68.0,34.0,34.0,0.0,4.0,26.0,0.0,69.0,34.0,95.0,100.0,100.0,"o"
73.0,62.0,53.0,100.0,0.0,72.0,82.0,39.0,100.0,0.0,15.0,14.0,52.0,57.0,90.0,94.0,"n"
54.0,100.0,34.0,75.0,6.0,43.0,0.0,11.0,70.0,0.0,100.0,28.0,44.0,46.0,36.0,21.0,"o"
11.0,100.0,0.0,69.0,15.0,43.0,87.0,47.0,100.0,65.0,74.0,67.0,71.0,33.0,66.0,0.0,"o"
36.0,92.0,7.0,83.0,0.0,37.0,26.0,0.0,77.0,6.0,100.0,46.0,84.0,89.0,36.0,100.0,"o"
46.0,100.0,10.0,83.0,34.0,64.0,100.0,77.0,71.0,82.0,49.0,54.0,22.0,27.0,0.0,0.0,"o"
61.0,59.0,58.0,100.0,0.0,84.0,44.0,42.0,80.0,0.0,8.0,5.0,33.0,44.0,100.0,70.0,"n"
100.0,84.0,31.0,100.0,0.0,88.0,8.0,70.0,15.0,53.0,15.0,35.0,0.0,17.0,0.0,0.0,"o"
32.0,59.0,53.0,100.0,100.0,95.0,79.0,46.0,48.0,0.0,93.0,19.0,58.0,55.0,0.0,63.0,"n"
40.0,99.0,51.0,66.0,79.0,26.0,39.0,0.0,0.0,27.0,8.0,77.0,46.0,100.0,100.0,94.0,"o"
0.0,98.0,36.0,100.0,80.0,85.0,68.0,42.0,56.0,0.0,25.0,23.0,50.0,37.0,100.0,32.0,"o"
27.0,76.0,1.0,42.0,16.0,0.0,70.0,3.0,100.0,40.0,92.0,84.0,44.0,100.0,0.0,73.0,"o"
0.0,0.0,31.0,15.0,63.0,30.0,88.0,52.0,100.0,79.0,82.0,100.0,56.0,82.0,79.0,64.0,"o"
30.0,86.0,67.0,100.0,77.0,77.0,53.0,50.0,78.0,40.0,100.0,17.0,56.0,0.0,0.0,5.0,"o"
29.0,91.0,14.0,57.0,66.0,39.0,30.0,0.0,0.0,19.0,3.0,72.0,39.0,97.0,100.0,100.0,"o"
77.0,97.0,40.0,100.0,0.0,59.0,9.0,29.0,84.0,33.0,100.0,64.0,77.0,44.0,48.0,0.0,"o"
64.0,93.0,0.0,67.0,97.0,67.0,89.0,100.0,14.0,70.0,100.0,68.0,96.0,36.0,28.0,0.0,"o"
9.0,93.0,53.0,100.0,89.0,80.0,57.0,52.0,17.0,30.0,0.0,5.0,50.0,2.0,100.0,0.0,"o"
0.0,93.0,62.0,100.0,100.0,78.0,69.0,43.0,50.0,5.0,35.0,0.0,15.0,35.0,86.0,37.0,"o"
30.0,87.0,16.0,55.0,68.0,41.0,52.0,0.0,0.0,16.0,15.0,63.0,41.0,100.0,100.0,98.0,"o"
60.0,100.0,20.0,76.0,0.0,39.0,10.0,1.0,69.0,0.0,100.0,33.0,56.0,40.0,15.0,10.0,"o"
0.0,83.0,29.0,100.0,88.0,95.0,64.0,69.0,73.0,43.0,100.0,13.0,50.0,1.0,10.0,0.0,"o"
5.0,90.0,46.0,98.0,89.0,100.0,100.0,81.0,77.0,59.0,62.0,34.0,37.0,14.0,0.0,0.0,"o"
100.0,99.0,67.0,100.0,24.0,68.0,0.0,32.0,27.0,0.0,99.0,8.0,77.0,40.0,9.0,55.0,"o"
47.0,86.0,73.0,100.0,89.0,75.0,68.0,49.0,100.0,28.0,82.0,4.0,38.0,0.0,0.0,13.0,"o"
29.0,72.0,45.0,100.0,78.0,78.0,60.0,41.0,25.0,12.0,0.0,4.0,50.0,6.0,100.0,0.0,"o"
1.0,88.0,0.0,54.0,59.0,31.0,36.0,0.0,11.0,28.0,4.0,68.0,28.0,97.0,100.0,100.0,"o"
63.0,100.0,40.0,73.0,70.0,63.0,100.0,77.0,79.0,74.0,55.0,48.0,29.0,23.0,0.0,0.0,"o"
11.0,92.0,56.0,100.0,83.0,82.0,52.0,59.0,87.0,39.0,100.0,14.0,55.0,0.0,0.0,0.0,"o"
51.0,76.0,68.0,91.0,100.0,100.0,83.0,80.0,59.0,60.0,34.0,40.0,10.0,20.0,0.0,0.0,"o"
56.0,99.0,18.0,72.0,0.0,24.0,36.0,0.0,85.0,23.0,100.0,69.0,58.0,100.0,19.0,74.0,"o"
0.0,75.0,47.0,87.0,100.0,100.0,91.0,80.0,72.0,60.0,53.0,40.0,35.0,20.0,19.0,0.0,"o"
17.0,100.0,0.0,74.0,6.0,36.0,77.0,37.0,100.0,63.0,73.0,95.0,71.0,47.0,75.0,0.0,"o"
41.0,96.0,17.0,76.0,50.0,37.0,31.0,0.0,0.0,34.0,1.0,86.0,49.0,98.0,100.0,100.0,"o"
20.0,82.0,62.0,100.0,100.0,81.0,68.0,54.0,82.0,50.0,89.0,19.0,42.0,0.0,0.0,13.0,"o"
12.0,78.0,40.0,100.0,74.0,77.0,52.0,41.0,13.0,14.0,0.0,17.0,50.0,8.0,100.0,0.0,"o"
18.0,73.0,0.0,73.0,10.0,24.0,54.0,0.0,100.0,22.0,95.0,71.0,52.0,100.0,5.0,84.0,"o"
97.0,100.0,41.0,90.0,4.0,58.0,0.0,22.0,52.0,0.0,100.0,22.0,49.0,38.0,8.0,13.0,"o"
57.0,63.0,100.0,100.0,0.0,91.0,36.0,53.0,95.0,16.0,2.0,0.0,5.0,36.0,91.0,67.0,"n"
30.0,81.0,87.0,100.0,100.0,98.0,37.0,86.0,46.0,54.0,99.0,32.0,59.0,2.0,0.0,0.0,"o"
12.0,61.0,0.0,20.0,44.0,0.0,92.0,23.0,100.0,64.0,70.0,100.0,15.0,92.0,0.0,52.0,"o"
0.0,84.0,50.0,100.0,72.0,79.0,37.0,52.0,51.0,41.0,100.0,27.0,62.0,3.0,3.0,0.0,"o"
0.0,100.0,61.0,100.0,100.0,93.0,63.0,64.0,36.0,33.0,14.0,0.0,9.0,29.0,47.0,42.0,"o"
100.0,79.0,67.0,100.0,26.0,76.0,41.0,38.0,47.0,0.0,0.0,8.0,38.0,38.0,96.0,58.0,"n"
100.0,100.0,58.0,83.0,31.0,55.0,17.0,24.0,43.0,0.0,80.0,19.0,50.0,43.0,0.0,39.0,"o"
94.0,79.0,40.0,100.0,13.0,65.0,59.0,30.0,67.0,0.0,0.0,17.0,45.0,52.0,100.0,83.0,"n"
0.0,82.0,75.0,56.0,100.0,12.0,22.0,0.0,22.0,41.0,92.0,73.0,84.0,100.0,2.0,80.0,"n"
80.0,100.0,36.0,100.0,58.0,80.0,65.0,82.0,82.0,47.0,100.0,14.0,53.0,0.0,0.0,7.0,"o"
35.0,76.0,0.0,42.0,11.0,0.0,65.0,5.0,100.0,41.0,97.0,85.0,49.0,100.0,9.0,69.0,"o"
34.0,100.0,21.0,76.0,0.0,35.0,43.0,30.0,91.0,29.0,100.0,41.0,74.0,46.0,67.0,0.0,"o"
0.0,75.0,31.0,72.0,67.0,84.0,100.0,100.0,94.0,82.0,80.0,54.0,68.0,27.0,56.0,0.0,"o"
90.0,71.0,100.0,100.0,25.0,85.0,10.0,50.0,80.0,62.0,99.0,53.0,64.0,17.0,0.0,0.0,"o"
0.0,97.0,42.0,100.0,67.0,71.0,53.0,35.0,34.0,0.0,16.0,23.0,40.0,42.0,100.0,42.0,"o"
38.0,94.0,4.0,63.0,0.0,20.0,41.0,0.0,84.0,19.0,100.0,60.0,77.0,98.0,32.0,100.0,"o"
72.0,100.0,38.0,88.0,2.0,57.0,0.0,19.0,51.0,0.0,100.0,20.0,55.0,34.0,12.0,7.0,"o"
26.0,79.0,69.0,100.0,92.0,85.0,56.0,56.0,90.0,42.0,100.0,15.0,51.0,0.0,0.0,2.0,"o"
31.0,73.0,55.0,100.0,55.0,53.0,33.0,14.0,0.0,0.0,30.0,11.0,65.0,1.0,100.0,1.0,"o"
46.0,100.0,21.0,85.0,0.0,60.0,24.0,42.0,68.0,44.0,100.0,49.0,76.0,25.0,58.0,0.0,"o"
41.0,69.0,76.0,100.0,73.0,81.0,57.0,39.0,46.0,0.0,0.0,10.0,50.0,9.0,100.0,10.0,"o"
32.0,100.0,12.0,76.0,0.0,48.0,1.0,21.0,39.0,0.0,100.0,9.0,64.0,21.0,18.0,3.0,"o"
0.0,100.0,54.0,98.0,91.0,85.0,71.0,52.0,62.0,17.0,74.0,0.0,100.0,32.0,42.0,37.0,"o"
47.0,93.0,1.0,67.0,0.0,16.0,53.0,0.0,100.0,32.0,95.0,81.0,42.0,100.0,7.0,62.0,"o"
95.0,92.0,50.0,100.0,21.0,77.0,74.0,87.0,100.0,86.0,69.0,56.0,37.0,26.0,0.0,0.0,"o"
39.0,100.0,23.0,82.0,0.0,52.0,1.0,21.0,48.0,0.0,100.0,16.0,70.0,42.0,6.0,55.0,"o"
22.0,100.0,1.0,66.0,0.0,33.0,50.0,32.0,100.0,36.0,82.0,63.0,77.0,30.0,71.0,0.0,"o"
3.0,96.0,53.0,100.0,81.0,68.0,83.0,28.0,72.0,0.0,100.0,34.0,51.0,41.0,0.0,43.0,"o"
0.0,65.0,38.0,79.0,62.0,100.0,72.0,86.0,77.0,65.0,79.0,43.0,83.0,21.0,100.0,0.0,"o"
0.0,60.0,38.0,80.0,80.0,100.0,100.0,92.0,80.0,69.0,65.0,46.0,55.0,23.0,55.0,0.0,"o"
40.0,72.0,16.0,50.0,96.0,69.0,70.0,100.0,0.0,73.0,65.0,57.0,100.0,47.0,94.0,0.0,"o"
100.0,100.0,63.0,78.0,28.0,53.0,0.0,27.0,4.0,0.0,60.0,1.0,78.0,22.0,24.0,21.0,"o"
33.0,58.0,19.0,90.0,78.0,100.0,91.0,62.0,51.0,28.0,0.0,2.0,37.0,1.0,100.0,0.0,"o"
42.0,83.0,60.0,53.0,89.0,11.0,13.0,0.0,0.0,33.0,77.0,57.0,100.0,92.0,18.0,100.0,"n"
0.0,88.0,24.0,68.0,76.0,33.0,43.0,0.0,29.0,32.0,84.0,66.0,100.0,100.0,8.0,89.0,"n"
50.0,97.0,72.0,68.0,100.0,100.0,42.0,86.0,93.0,72.0,89.0,48.0,70.0,7.0,0.0,0.0,"o"
44.0,66.0,67.0,100.0,80.0,62.0,47.0,25.0,5.0,0.0,0.0,3.0,50.0,4.0,100.0,7.0,"o"
100.0,89.0,40.0,83.0,63.0,40.0,84.0,0.0,0.0,7.0,53.0,53.0,80.0,100.0,3.0,78.0,"n"
22.0,93.0,0.0,95.0,50.0,97.0,100.0,100.0,67.0,81.0,43.0,56.0,28.0,28.0,30.0,0.0,"o"
29.0,73.0,56.0,100.0,68.0,71.0,45.0,38.0,11.0,12.0,0.0,8.0,50.0,6.0,100.0,0.0,"o"
0.0,79.0,51.0,59.0,100.0,29.0,51.0,0.0,22.0,26.0,51.0,60.0,73.0,94.0,9.0,100.0,"n"
0.0,100.0,67.0,100.0,86.0,72.0,56.0,37.0,34.0,0.0,6.0,33.0,32.0,45.0,100.0,46.0,"o"
2.0,85.0,31.0,100.0,76.0,74.0,62.0,37.0,47.0,0.0,100.0,8.0,68.0,30.0,0.0,41.0,"o"
54.0,93.0,0.0,88.0,54.0,46.0,70.0,0.0,5.0,9.0,54.0,52.0,100.0,96.0,7.0,100.0,"n"
58.0,100.0,0.0,89.0,44.0,53.0,100.0,21.0,63.0,0.0,62.0,36.0,87.0,80.0,25.0,91.0,"n"
78.0,85.0,65.0,66.0,100.0,25.0,49.0,0.0,15.0,29.0,58.0,67.0,66.0,100.0,0.0,84.0,"n"
84.0,93.0,20.0,100.0,22.0,50.0,44.0,0.0,0.0,22.0,54.0,59.0,100.0,95.0,27.0,97.0,"n"
95.0,68.0,77.0,100.0,21.0,76.0,60.0,38.0,68.0,0.0,0.0,15.0,29.0,53.0,100.0,81.0,"n"
0.0,67.0,38.0,66.0,62.0,30.0,38.0,0.0,8.0,30.0,45.0,63.0,100.0,90.0,58.0,100.0,"n"
100.0,75.0,95.0,100.0,24.0,81.0,38.0,44.0,69.0,8.0,0.0,0.0,45.0,33.0,96.0,64.0,"n"
100.0,100.0,14.0,90.0,74.0,55.0,79.0,97.0,37.0,62.0,0.0,39.0,36.0,0.0,39.0,44.0,"n"
86.0,100.0,0.0,95.0,32.0,56.0,100.0,22.0,30.0,0.0,5.0,36.0,80.0,68.0,52.0,99.0,"n"
0.0,68.0,73.0,45.0,100.0,8.0,20.0,0.0,37.0,38.0,92.0,72.0,85.0,100.0,7.0,81.0,"n"
56.0,83.0,28.0,61.0,90.0,23.0,24.0,0.0,22.0,40.0,100.0,72.0,72.0,100.0,0.0,72.0,"n"
76.0,85.0,0.0,100.0,16.0,63.0,81.0,31.0,69.0,0.0,6.0,25.0,34.0,64.0,100.0,95.0,"n"
41.0,53.0,60.0,100.0,100.0,89.0,70.0,42.0,33.0,0.0,72.0,16.0,54.0,62.0,0.0,72.0,"n"
92.0,65.0,50.0,100.0,0.0,82.0,47.0,46.0,87.0,6.0,42.0,0.0,54.0,45.0,100.0,79.0,"n"
9.0,32.0,60.0,62.0,80.0,100.0,6.0,93.0,36.0,56.0,100.0,27.0,57.0,0.0,0.0,25.0,"n"
0.0,78.0,40.0,100.0,97.0,78.0,69.0,39.0,44.0,0.0,100.0,7.0,35.0,37.0,22.0,73.0,"n"
55.0,76.0,22.0,68.0,66.0,29.0,39.0,0.0,52.0,32.0,100.0,68.0,69.0,100.0,0.0,86.0,"n"
24.0,66.0,100.0,89.0,30.0,66.0,88.0,32.0,34.0,0.0,0.0,34.0,61.0,72.0,77.0,100.0,"n"
93.0,100.0,5.0,96.0,42.0,65.0,85.0,32.0,58.0,0.0,0.0,14.0,36.0,47.0,100.0,74.0,"n"
86.0,79.0,47.0,100.0,18.0,62.0,65.0,27.0,66.0,0.0,0.0,3.0,46.0,39.0,100.0,71.0,"n"
86.0,78.0,48.0,100.0,14.0,72.0,19.0,35.0,2.0,0.0,0.0,29.0,49.0,59.0,100.0,88.0,"n"
100.0,100.0,26.0,97.0,1.0,66.0,45.0,33.0,29.0,0.0,0.0,26.0,38.0,61.0,87.0,93.0,"n"
73.0,98.0,0.0,95.0,16.0,60.0,84.0,29.0,70.0,0.0,45.0,35.0,100.0,69.0,88.0,100.0,"n"
100.0,66.0,56.0,100.0,23.0,73.0,77.0,34.0,65.0,0.0,0.0,24.0,55.0,58.0,73.0,77.0,"n"
39.0,76.0,74.0,40.0,83.0,2.0,11.0,0.0,50.0,35.0,100.0,67.0,73.0,100.0,0.0,81.0,"n"
72.0,83.0,49.0,100.0,61.0,58.0,82.0,17.0,0.0,0.0,25.0,33.0,100.0,61.0,75.0,92.0,"n"
31.0,93.0,12.0,78.0,71.0,36.0,31.0,0.0,21.0,33.0,100.0,65.0,69.0,100.0,0.0,78.0,"n"
64.0,100.0,34.0,73.0,100.0,39.0,94.0,3.0,0.0,0.0,38.0,38.0,90.0,74.0,76.0,95.0,"n"
77.0,60.0,77.0,100.0,10.0,90.0,15.0,49.0,40.0,8.0,0.0,0.0,32.0,34.0,100.0,55.0,"n"
33.0,76.0,48.0,100.0,100.0,97.0,74.0,50.0,44.0,4.0,77.0,0.0,39.0,40.0,0.0,79.0,"n"
86.0,71.0,72.0,100.0,32.0,75.0,55.0,35.0,42.0,0.0,0.0,17.0,48.0,45.0,100.0,70.0,"n"
53.0,79.0,44.0,55.0,22.0,10.0,0.0,0.0,32.0,36.0,66.0,69.0,100.0,100.0,61.0,83.0,"n"
0.0,12.0,50.0,48.0,84.0,87.0,24.0,100.0,29.0,65.0,100.0,35.0,84.0,0.0,9.0,11.0,"n"
45.0,70.0,77.0,35.0,58.0,0.0,0.0,10.0,48.0,42.0,100.0,71.0,84.0,100.0,26.0,81.0,"n"
99.0,68.0,58.0,100.0,0.0,78.0,47.0,42.0,100.0,9.0,39.0,0.0,47.0,41.0,100.0,73.0,"n"
13.0,95.0,17.0,66.0,83.0,35.0,77.0,0.0,0.0,14.0,42.0,49.0,100.0,81.0,34.0,100.0,"n"
38.0,63.0,74.0,100.0,11.0,86.0,34.0,43.0,67.0,0.0,0.0,7.0,27.0,48.0,100.0,76.0,"n"
100.0,97.0,40.0,100.0,0.0,65.0,35.0,27.0,39.0,0.0,40.0,38.0,87.0,73.0,87.0,100.0,"n"
76.0,70.0,32.0,100.0,10.0,71.0,85.0,41.0,100.0,4.0,4.0,0.0,0.0,39.0,54.0,73.0,"n"
59.0,85.0,25.0,71.0,88.0,35.0,79.0,0.0,7.0,29.0,62.0,64.0,100.0,100.0,0.0,99.0,"n"
78.0,99.0,0.0,100.0,17.0,63.0,57.0,28.0,47.0,0.0,7.0,31.0,45.0,65.0,100.0,95.0,"n"
14.0,99.0,16.0,67.0,67.0,33.0,74.0,0.0,0.0,17.0,44.0,48.0,100.0,77.0,39.0,100.0,"n"
0.0,82.0,37.0,62.0,83.0,30.0,65.0,0.0,46.0,32.0,81.0,66.0,100.0,100.0,23.0,90.0,"n"
57.0,68.0,52.0,100.0,4.0,71.0,48.0,37.0,63.0,0.0,0.0,13.0,27.0,49.0,100.0,78.0,"n"
16.0,38.0,67.0,29.0,43.0,0.0,22.0,25.0,66.0,57.0,100.0,94.0,50.0,100.0,0.0,74.0,"n"
35.0,73.0,77.0,55.0,100.0,20.0,39.0,0.0,37.0,35.0,79.0,68.0,86.0,100.0,0.0,84.0,"n"
75.0,100.0,0.0,89.0,70.0,61.0,100.0,26.0,32.0,0.0,7.0,31.0,63.0,63.0,95.0,99.0,"n"
86.0,90.0,28.0,100.0,0.0,52.0,46.0,4.0,26.0,0.0,25.0,51.0,100.0,83.0,73.0,99.0,"n"
62.0,76.0,23.0,100.0,0.0,67.0,67.0,35.0,89.0,0.0,22.0,22.0,56.0,60.0,100.0,96.0,"n"
100.0,95.0,38.0,99.0,35.0,65.0,70.0,29.0,32.0,0.0,0.0,27.0,36.0,64.0,65.0,100.0,"n"
3.0,57.0,83.0,70.0,100.0,100.0,6.0,85.0,20.0,52.0,71.0,20.0,0.0,0.0,37.0,32.0,"n"
82.0,100.0,35.0,78.0,97.0,39.0,94.0,0.0,0.0,1.0,39.0,42.0,100.0,81.0,40.0,94.0,"n"
19.0,78.0,29.0,36.0,13.0,0.0,8.0,27.0,58.0,49.0,100.0,79.0,55.0,100.0,0.0,88.0,"n"
55.0,40.0,100.0,64.0,92.0,100.0,48.0,81.0,45.0,40.0,55.0,0.0,0.0,4.0,11.0,38.0,"n"
73.0,64.0,54.0,100.0,0.0,75.0,60.0,40.0,91.0,0.0,13.0,13.0,46.0,55.0,100.0,87.0,"n"
79.0,100.0,14.0,81.0,49.0,39.0,100.0,0.0,32.0,0.0,52.0,55.0,71.0,100.0,0.0,71.0,"n"
85.0,69.0,47.0,100.0,0.0,75.0,44.0,38.0,72.0,0.0,16.0,16.0,57.0,55.0,100.0,87.0,"n"
45.0,74.0,23.0,68.0,92.0,35.0,77.0,0.0,45.0,28.0,100.0,64.0,95.0,100.0,0.0,80.0,"n"
56.0,60.0,65.0,100.0,100.0,83.0,81.0,39.0,51.0,0.0,85.0,16.0,56.0,50.0,0.0,55.0,"n"
64.0,92.0,3.0,100.0,25.0,62.0,44.0,23.0,0.0,0.0,1.0,30.0,55.0,58.0,100.0,90.0,"n"
98.0,89.0,48.0,100.0,29.0,65.0,58.0,25.0,6.0,0.0,0.0,31.0,53.0,63.0,100.0,91.0,"n"
47.0,68.0,0.0,70.0,53.0,34.0,85.0,0.0,22.0,12.0,53.0,59.0,100.0,100.0,46.0,88.0,"n"
48.0,97.0,9.0,67.0,100.0,64.0,66.0,100.0,24.0,57.0,0.0,0.0,87.0,8.0,15.0,41.0,"n"
100.0,95.0,0.0,78.0,93.0,59.0,81.0,100.0,62.0,44.0,2.0,5.0,96.0,0.0,48.0,48.0,"n"
61.0,96.0,0.0,83.0,61.0,66.0,100.0,30.0,49.0,0.0,5.0,30.0,39.0,68.0,42.0,100.0,"n"
47.0,69.0,42.0,100.0,6.0,75.0,54.0,39.0,47.0,0.0,0.0,21.0,42.0,58.0,100.0,90.0,"n"
73.0,96.0,50.0,70.0,38.0,24.0,0.0,0.0,29.0,41.0,70.0,77.0,100.0,100.0,46.0,78.0,"n"
100.0,92.0,18.0,81.0,46.0,39.0,62.0,0.0,1.0,13.0,43.0,56.0,74.0,100.0,0.0,75.0,"n"
50.0,100.0,5.0,82.0,71.0,42.0,91.0,0.0,7.0,18.0,78.0,56.0,100.0,92.0,0.0,90.0,"n"
100.0,75.0,47.0,100.0,0.0,79.0,49.0,41.0,66.0,0.0,3.0,25.0,27.0,66.0,98.0,91.0,"n"
77.0,72.0,51.0,100.0,0.0,77.0,61.0,42.0,94.0,0.0,22.0,2.0,33.0,45.0,100.0,76.0,"n"
38.0,73.0,84.0,41.0,100.0,0.0,53.0,7.0,73.0,49.0,98.0,90.0,54.0,100.0,0.0,75.0,"n"
0.0,23.0,63.0,46.0,100.0,87.0,50.0,100.0,34.0,57.0,86.0,23.0,57.0,0.0,9.0,22.0,"n"
28.0,6.0,64.0,48.0,100.0,91.0,53.0,100.0,22.0,59.0,80.0,31.0,66.0,0.0,0.0,2.0,"n"
25.0,89.0,65.0,55.0,100.0,21.0,20.0,0.0,0.0,30.0,55.0,62.0,94.0,95.0,22.0,100.0,"n"
43.0,82.0,85.0,44.0,100.0,3.0,17.0,0.0,0.0,34.0,62.0,64.0,90.0,100.0,7.0,95.0,"n"
51.0,69.0,74.0,37.0,100.0,0.0,52.0,4.0,41.0,41.0,73.0,75.0,60.0,100.0,0.0,83.0,"n"
37.0,71.0,79.0,71.0,49.0,100.0,0.0,45.0,25.0,36.0,66.0,0.0,100.0,51.0,10.0,26.0,"n"
96.0,100.0,0.0,98.0,22.0,54.0,87.0,15.0,51.0,0.0,25.0,39.0,100.0,73.0,38.0,94.0,"n"
100.0,89.0,52.0,100.0,25.0,71.0,45.0,34.0,38.0,0.0,0.0,17.0,34.0,47.0,76.0,71.0,"n"
90.0,94.0,13.0,95.0,26.0,56.0,96.0,27.0,52.0,0.0,0.0,26.0,45.0,64.0,100.0,100.0,"n"
66.0,90.0,6.0,55.0,100.0,73.0,45.0,100.0,33.0,46.0,0.0,0.0,89.0,11.0,13.0,23.0,"n"
96.0,85.0,31.0,100.0,44.0,64.0,96.0,27.0,37.0,0.0,0.0,31.0,72.0,62.0,100.0,91.0,"n"
76.0,95.0,23.0,100.0,36.0,60.0,68.0,22.0,23.0,0.0,0.0,33.0,46.0,65.0,100.0,94.0,"n"
32.0,52.0,22.0,0.0,100.0,2.0,78.0,63.0,35.0,37.0,14.0,100.0,71.0,92.0,0.0,73.0,"n"
33.0,88.0,39.0,59.0,63.0,100.0,0.0,65.0,28.0,43.0,40.0,0.0,100.0,42.0,25.0,47.0,"n"
69.0,97.0,0.0,90.0,24.0,45.0,81.0,3.0,0.0,0.0,46.0,45.0,100.0,89.0,20.0,100.0,"n"
35.0,88.0,30.0,57.0,50.0,17.0,11.0,0.0,0.0,38.0,56.0,68.0,100.0,100.0,20.0,100.0,"n"
66.0,86.0,0.0,94.0,21.0,52.0,80.0,14.0,14.0,0.0,42.0,39.0,100.0,78.0,49.0,100.0,"n"
78.0,67.0,65.0,100.0,0.0,75.0,56.0,37.0,84.0,0.0,2.0,10.0,35.0,52.0,100.0,86.0,"n"
0.0,98.0,5.0,73.0,70.0,39.0,100.0,0.0,43.0,9.0,53.0,50.0,84.0,90.0,26.0,100.0,"n"
28.0,61.0,59.0,27.0,33.0,0.0,2.0,20.0,63.0,46.0,100.0,79.0,48.0,100.0,0.0,74.0,"n"
34.0,71.0,16.0,65.0,17.0,23.0,0.0,0.0,1.0,42.0,44.0,75.0,100.0,100.0,46.0,91.0,"n"
56.0,80.0,5.0,100.0,10.0,65.0,87.0,33.0,71.0,0.0,0.0,22.0,58.0,59.0,100.0,97.0,"n"
45.0,72.0,18.0,100.0,0.0,64.0,64.0,33.0,98.0,0.0,7.0,5.0,26.0,41.0,100.0,68.0,"n"
100.0,94.0,40.0,100.0,0.0,68.0,43.0,35.0,92.0,5.0,23.0,0.0,3.0,34.0,46.0,68.0,"n"
63.0,65.0,35.0,100.0,1.0,69.0,61.0,36.0,79.0,0.0,0.0,15.0,33.0,54.0,100.0,86.0,"n"
49.0,100.0,19.0,91.0,31.0,54.0,36.0,15.0,0.0,0.0,7.0,36.0,51.0,63.0,100.0,87.0,"n"
60.0,90.0,26.0,82.0,49.0,39.0,35.0,0.0,0.0,23.0,56.0,54.0,100.0,90.0,37.0,100.0,"n"
40.0,100.0,7.0,84.0,72.0,47.0,100.0,5.0,22.0,0.0,52.0,45.0,84.0,90.0,0.0,94.0,"n"
81.0,82.0,0.0,95.0,19.0,62.0,84.0,29.0,45.0,0.0,24.0,33.0,83.0,68.0,100.0,100.0,"n"
59.0,99.0,16.0,72.0,89.0,38.0,91.0,0.0,28.0,18.0,73.0,58.0,100.0,100.0,0.0,95.0,"n"
3.0,92.0,12.0,64.0,60.0,28.0,18.0,0.0,0.0,32.0,67.0,55.0,100.0,91.0,33.0,100.0,"n"
44.0,68.0,58.0,44.0,100.0,7.0,0.0,0.0,7.0,36.0,78.0,68.0,93.0,100.0,11.0,74.0,"n"
54.0,63.0,100.0,76.0,80.0,100.0,43.0,75.0,51.0,35.0,47.0,0.0,0.0,16.0,27.0,46.0,"n"
88.0,78.0,34.0,100.0,0.0,73.0,45.0,38.0,78.0,0.0,21.0,11.0,50.0,49.0,100.0,82.0,"n"
4.0,11.0,46.0,53.0,76.0,100.0,24.0,98.0,41.0,53.0,100.0,24.0,57.0,0.0,0.0,15.0,"n"
100.0,100.0,31.0,89.0,36.0,55.0,70.0,22.0,23.0,0.0,0.0,28.0,43.0,58.0,86.0,89.0,"n"
100.0,90.0,27.0,100.0,0.0,66.0,56.0,33.0,81.0,0.0,10.0,16.0,33.0,57.0,98.0,84.0,"n"
53.0,93.0,3.0,71.0,47.0,34.0,23.0,0.0,0.0,29.0,59.0,63.0,100.0,100.0,9.0,98.0,"n"
60.0,59.0,98.0,26.0,48.0,0.0,25.0,19.0,77.0,49.0,100.0,85.0,43.0,100.0,0.0,70.0,"n"
54.0,64.0,30.0,96.0,15.0,61.0,69.0,27.0,52.0,0.0,0.0,30.0,48.0,66.0,100.0,100.0,"n"
81.0,69.0,63.0,100.0,0.0,82.0,41.0,41.0,81.0,0.0,19.0,3.0,41.0,44.0,100.0,74.0,"n"
89.0,92.0,20.0,100.0,11.0,67.0,43.0,34.0,54.0,0.0,0.0,24.0,34.0,56.0,100.0,82.0,"n"
77.0,87.0,87.0,57.0,100.0,19.0,13.0,0.0,28.0,35.0,83.0,69.0,94.0,100.0,0.0,79.0,"n"
0.0,53.0,84.0,42.0,100.0,6.0,10.0,0.0,2.0,34.0,66.0,66.0,86.0,100.0,5.0,84.0,"n"
44.0,89.0,62.0,48.0,61.0,0.0,0.0,6.0,35.0,47.0,100.0,72.0,81.0,100.0,14.0,84.0,"n"
39.0,73.0,76.0,100.0,22.0,79.0,50.0,43.0,69.0,6.0,0.0,0.0,26.0,30.0,100.0,52.0,"n"
87.0,100.0,31.0,76.0,100.0,91.0,38.0,80.0,22.0,62.0,0.0,0.0,73.0,9.0,33.0,64.0,"n"
29.0,95.0,93.0,67.0,84.0,100.0,10.0,68.0,0.0,18.0,74.0,0.0,100.0,44.0,17.0,44.0,"n"
100.0,100.0,9.0,95.0,0.0,52.0,98.0,26.0,48.0,0.0,46.0,45.0,98.0,90.0,18.0,71.0,"n"
57.0,53.0,100.0,85.0,62.0,100.0,51.0,61.0,79.0,24.0,29.0,0.0,0.0,30.0,61.0,56.0,"n"
0.0,31.0,52.0,59.0,46.0,100.0,11.0,81.0,65.0,52.0,100.0,17.0,38.0,0.0,9.0,26.0,"n"
88.0,99.0,9.0,100.0,0.0,54.0,55.0,12.0,4.0,0.0,24.0,40.0,100.0,73.0,63.0,94.0,"n"
72.0,100.0,5.0,97.0,53.0,52.0,93.0,6.0,0.0,0.0,11.0,43.0,100.0,77.0,58.0,99.0,"n"
100.0,94.0,53.0,80.0,68.0,39.0,68.0,0.0,0.0,0.0,17.0,36.0,62.0,69.0,88.0,100.0,"n"
44.0,87.0,21.0,78.0,68.0,41.0,70.0,0.0,0.0,13.0,45.0,47.0,100.0,80.0,41.0,100.0,"n"
83.0,95.0,0.0,86.0,56.0,49.0,100.0,13.0,17.0,0.0,48.0,40.0,99.0,79.0,37.0,100.0,"n"
63.0,66.0,58.0,100.0,11.0,76.0,36.0,38.0,63.0,0.0,0.0,3.0,36.0,36.0,100.0,62.0,"n"
70.0,61.0,65.0,100.0,15.0,70.0,72.0,34.0,87.0,0.0,0.0,10.0,23.0,50.0,100.0,76.0,"n"
42.0,98.0,0.0,69.0,54.0,36.0,71.0,0.0,14.0,16.0,54.0,54.0,100.0,91.0,39.0,100.0,"n"
4.0,100.0,23.0,65.0,89.0,36.0,100.0,0.0,20.0,8.0,32.0,49.0,79.0,85.0,0.0,89.0,"n"
84.0,92.0,41.0,91.0,37.0,46.0,66.0,0.0,0.0,9.0,46.0,49.0,100.0,85.0,33.0,100.0,"n"
100.0,100.0,37.0,89.0,43.0,57.0,69.0,26.0,33.0,0.0,0.0,19.0,35.0,48.0,83.0,73.0,"n"
65.0,60.0,100.0,100.0,5.0,100.0,19.0,57.0,65.0,15.0,0.0,0.0,13.0,43.0,97.0,75.0,"n"
19.0,93.0,9.0,74.0,100.0,94.0,25.0,100.0,1.0,49.0,0.0,0.0,93.0,16.0,46.0,60.0,"n"
62.0,100.0,100.0,98.0,77.0,61.0,45.0,28.0,39.0,0.0,79.0,25.0,50.0,57.0,0.0,72.0,"n"
68.0,89.0,0.0,100.0,38.0,59.0,98.0,23.0,80.0,0.0,39.0,35.0,100.0,69.0,75.0,92.0,"n"
0.0,63.0,61.0,38.0,67.0,0.0,20.0,14.0,56.0,50.0,100.0,85.0,50.0,100.0,2.0,71.0,"n"
70.0,92.0,0.0,83.0,57.0,49.0,100.0,13.0,16.0,0.0,5.0,37.0,48.0,74.0,64.0,100.0,"n"
50.0,90.0,0.0,89.0,62.0,47.0,88.0,0.0,5.0,4.0,42.0,51.0,100.0,95.0,11.0,100.0,"n"
23.0,57.0,70.0,39.0,100.0,0.0,40.0,1.0,51.0,43.0,89.0,83.0,60.0,100.0,0.0,75.0,"n"
90.0,66.0,49.0,100.0,0.0,72.0,67.0,40.0,100.0,0.0,25.0,11.0,34.0,55.0,84.0,93.0,"n"
46.0,79.0,37.0,60.0,59.0,22.0,0.0,0.0,19.0,35.0,78.0,64.0,100.0,97.0,29.0,100.0,"n"
51.0,60.0,47.0,100.0,16.0,68.0,75.0,35.0,83.0,0.0,0.0,2.0,31.0,39.0,100.0,68.0,"n"
46.0,92.0,45.0,62.0,38.0,22.0,0.0,0.0,9.0,39.0,57.0,70.0,100.0,100.0,27.0,98.0,"n"
51.0,78.0,0.0,68.0,47.0,34.0,100.0,0.0,19.0,7.0,63.0,43.0,85.0,82.0,9.0,100.0,"n"
81.0,85.0,10.0,79.0,42.0,38.0,56.0,0.0,0.0,21.0,45.0,62.0,100.0,100.0,29.0,82.0,"n"
100.0,94.0,29.0,84.0,32.0,41.0,59.0,0.0,0.0,1.0,42.0,38.0,87.0,74.0,52.0,100.0,"n"
12.0,14.0,56.0,48.0,100.0,84.0,53.0,100.0,32.0,65.0,80.0,30.0,62.0,0.0,0.0,17.0,"n"
26.0,100.0,21.0,65.0,91.0,32.0,66.0,0.0,38.0,25.0,91.0,61.0,100.0,99.0,0.0,98.0,"n"
55.0,92.0,17.0,78.0,55.0,38.0,50.0,0.0,0.0,21.0,56.0,55.0,100.0,92.0,25.0,100.0,"n"
67.0,99.0,62.0,62.0,97.0,13.0,0.0,0.0,7.0,34.0,100.0,59.0,100.0,100.0,10.0,93.0,"n"
32.0,98.0,8.0,71.0,56.0,25.0,28.0,0.0,0.0,42.0,77.0,69.0,100.0,100.0,15.0,92.0,"n"
42.0,85.0,85.0,100.0,100.0,68.0,76.0,32.0,45.0,0.0,50.0,1.0,38.0,40.0,0.0,65.0,"n"
0.0,66.0,48.0,100.0,100.0,83.0,69.0,41.0,37.0,0.0,81.0,26.0,76.0,69.0,8.0,93.0,"n"
56.0,76.0,73.0,52.0,93.0,13.0,0.0,0.0,37.0,35.0,100.0,69.0,100.0,100.0,17.0,76.0,"n"
86.0,62.0,64.0,100.0,0.0,80.0,40.0,44.0,92.0,12.0,29.0,0.0,41.0,37.0,100.0,65.0,"n"
65.0,93.0,68.0,73.0,92.0,23.0,13.0,0.0,0.0,38.0,87.0,65.0,100.0,100.0,5.0,98.0,"n"
18.0,74.0,3.0,67.0,74.0,34.0,41.0,0.0,3.0,27.0,59.0,63.0,100.0,100.0,0.0,95.0,"n"
66.0,98.0,22.0,67.0,100.0,88.0,17.0,100.0,11.0,52.0,0.0,0.0,79.0,13.0,22.0,53.0,"n"
41.0,100.0,0.0,70.0,76.0,37.0,100.0,0.0,10.0,5.0,41.0,43.0,97.0,79.0,27.0,91.0,"n"
64.0,100.0,100.0,92.0,94.0,56.0,72.0,22.0,72.0,0.0,91.0,31.0,52.0,59.0,0.0,80.0,"n"
100.0,83.0,64.0,100.0,50.0,65.0,75.0,26.0,35.0,0.0,0.0,22.0,46.0,53.0,100.0,78.0,"n"
12.0,76.0,27.0,98.0,45.0,48.0,28.0,0.0,0.0,14.0,54.0,56.0,100.0,100.0,30.0,96.0,"n"
61.0,90.0,67.0,61.0,99.0,100.0,9.0,71.0,17.0,56.0,0.0,0.0,100.0,25.0,17.0,61.0,"n"
62.0,87.0,41.0,63.0,100.0,100.0,22.0,72.0,8.0,41.0,30.0,0.0,93.0,42.0,0.0,34.0,"n"
67.0,99.0,0.0,95.0,29.0,61.0,100.0,36.0,87.0,0.0,43.0,21.0,70.0,60.0,83.0,100.0,"n"
0.0,88.0,65.0,55.0,100.0,16.0,45.0,0.0,43.0,40.0,90.0,77.0,68.0,100.0,8.0,69.0,"n"
88.0,88.0,53.0,78.0,100.0,40.0,91.0,0.0,0.0,1.0,5.0,39.0,57.0,76.0,18.0,100.0,"n"
22.0,100.0,66.0,50.0,100.0,94.0,45.0,95.0,5.0,41.0,58.0,0.0,78.0,42.0,0.0,46.0,"n"
36.0,53.0,100.0,82.0,55.0,100.0,2.0,69.0,36.0,34.0,74.0,0.0,0.0,14.0,62.0,44.0,"n"
73.0,78.0,10.0,73.0,60.0,35.0,43.0,0.0,0.0,25.0,57.0,62.0,100.0,100.0,20.0,96.0,"n"
67.0,100.0,18.0,81.0,44.0,39.0,35.0,0.0,0.0,28.0,53.0,57.0,100.0,88.0,42.0,94.0,"n"
76.0,97.0,64.0,62.0,100.0,15.0,14.0,0.0,0.0,35.0,90.0,59.0,98.0,100.0,0.0,98.0,"n"
55.0,77.0,3.0,100.0,39.0,57.0,100.0,16.0,0.0,0.0,26.0,38.0,97.0,77.0,23.0,78.0,"n"
67.0,66.0,56.0,100.0,10.0,74.0,59.0,38.0,70.0,0.0,0.0,15.0,29.0,54.0,100.0,82.0,"n"
75.0,75.0,36.0,100.0,6.0,68.0,62.0,35.0,100.0,0.0,0.0,6.0,31.0,41.0,93.0,74.0,"n"
5.0,55.0,79.0,87.0,5.0,100.0,38.0,53.0,67.0,6.0,0.0,0.0,27.0,47.0,100.0,84.0,"n"
88.0,59.0,100.0,100.0,16.0,85.0,42.0,45.0,82.0,8.0,0.0,0.0,32.0,40.0,89.0,77.0,"n"
59.0,82.0,11.0,67.0,100.0,65.0,54.0,100.0,40.0,48.0,0.0,22.0,60.0,0.0,43.0,52.0,"n"
100.0,84.0,55.0,99.0,4.0,72.0,49.0,33.0,43.0,0.0,0.0,28.0,41.0,69.0,97.0,100.0,"n"
0.0,26.0,57.0,56.0,98.0,94.0,31.0,100.0,45.0,63.0,100.0,31.0,78.0,0.0,9.0,16.0,"n"
32.0,100.0,17.0,75.0,87.0,41.0,64.0,0.0,12.0,20.0,79.0,55.0,100.0,96.0,0.0,96.0,"n"
37.0,100.0,0.0,60.0,94.0,94.0,3.0,89.0,29.0,54.0,0.0,0.0,100.0,28.0,8.0,38.0,"n"
0.0,71.0,52.0,100.0,100.0,75.0,53.0,37.0,13.0,0.0,82.0,7.0,34.0,44.0,16.0,83.0,"n"
60.0,100.0,14.0,67.0,100.0,55.0,80.0,98.0,39.0,56.0,0.0,13.0,80.0,0.0,50.0,45.0,"n"
57.0,87.0,0.0,100.0,17.0,63.0,100.0,28.0,94.0,0.0,20.0,34.0,89.0,71.0,37.0,87.0,"n"
37.0,90.0,4.0,97.0,35.0,57.0,100.0,22.0,49.0,0.0,0.0,33.0,54.0,72.0,35.0,100.0,"n"
27.0,100.0,0.0,74.0,60.0,43.0,100.0,3.0,34.0,0.0,29.0,44.0,74.0,81.0,10.0,58.0,"n"
35.0,97.0,35.0,61.0,44.0,19.0,0.0,0.0,23.0,38.0,61.0,68.0,100.0,99.0,51.0,100.0,"n"
46.0,84.0,65.0,46.0,65.0,9.0,0.0,0.0,30.0,29.0,84.0,57.0,100.0,94.0,44.0,100.0,"n"
35.0,86.0,56.0,65.0,100.0,27.0,23.0,0.0,6.0,28.0,65.0,64.0,98.0,100.0,0.0,85.0,"n"
98.0,98.0,34.0,96.0,8.0,59.0,63.0,27.0,34.0,0.0,0.0,32.0,42.0,70.0,100.0,100.0,"n"
100.0,100.0,21.0,86.0,45.0,47.0,86.0,11.0,3.0,0.0,0.0,33.0,65.0,65.0,99.0,96.0,"n"
48.0,97.0,7.0,76.0,22.0,35.0,0.0,0.0,5.0,31.0,49.0,65.0,100.0,95.0,52.0,100.0,"n"
61.0,95.0,39.0,68.0,100.0,100.0,45.0,76.0,0.0,45.0,10.0,0.0,90.0,36.0,21.0,50.0,"n"
25.0,46.0,100.0,31.0,80.0,0.0,0.0,9.0,38.0,45.0,89.0,78.0,54.0,100.0,20.0,68.0,"n"
32.0,90.0,0.0,64.0,66.0,29.0,79.0,0.0,12.0,26.0,60.0,67.0,100.0,100.0,16.0,79.0,"n"
48.0,94.0,0.0,76.0,53.0,39.0,47.0,0.0,3.0,14.0,70.0,46.0,100.0,88.0,28.0,100.0,"n"
41.0,84.0,93.0,52.0,100.0,12.0,33.0,0.0,47.0,39.0,93.0,74.0,72.0,100.0,0.0,81.0,"n"
0.0,20.0,57.0,51.0,94.0,89.0,38.0,100.0,44.0,61.0,100.0,30.0,76.0,0.0,12.0,14.0,"n"
78.0,79.0,40.0,100.0,6.0,71.0,16.0,33.0,16.0,0.0,0.0,32.0,46.0,58.0,100.0,80.0,"n"
35.0,100.0,0.0,88.0,58.0,44.0,55.0,0.0,30.0,39.0,100.0,73.0,94.0,97.0,28.0,84.0,"n"
75.0,91.0,30.0,100.0,24.0,60.0,53.0,21.0,11.0,0.0,0.0,37.0,44.0,70.0,100.0,93.0,"n"
66.0,93.0,50.0,56.0,80.0,100.0,0.0,55.0,17.0,35.0,59.0,0.0,100.0,52.0,0.0,29.0,"n"
59.0,100.0,9.0,86.0,61.0,44.0,74.0,0.0,0.0,1.0,53.0,39.0,100.0,82.0,35.0,88.0,"n"
70.0,99.0,42.0,69.0,35.0,30.0,0.0,0.0,19.0,29.0,60.0,58.0,100.0,88.0,54.0,100.0,"n"
100.0,89.0,41.0,100.0,23.0,69.0,54.0,35.0,38.0,0.0,0.0,11.0,25.0,47.0,60.0,81.0,"n"
66.0,91.0,22.0,73.0,50.0,27.0,19.0,0.0,0.0,33.0,65.0,60.0,100.0,96.0,24.0,100.0,"n"
63.0,62.0,67.0,100.0,5.0,79.0,52.0,41.0,73.0,0.0,0.0,2.0,32.0,42.0,100.0,75.0,"n"
67.0,86.0,59.0,66.0,95.0,26.0,44.0,0.0,0.0,30.0,59.0,63.0,100.0,98.0,19.0,100.0,"n"
39.0,83.0,17.0,65.0,37.0,26.0,17.0,0.0,0.0,36.0,44.0,70.0,100.0,100.0,32.0,93.0,"n"
77.0,100.0,28.0,80.0,63.0,41.0,59.0,0.0,0.0,10.0,47.0,44.0,100.0,75.0,61.0,94.0,"n"
44.0,75.0,21.0,38.0,0.0,0.0,18.0,28.0,56.0,60.0,100.0,90.0,82.0,100.0,28.0,81.0,"n"
100.0,100.0,39.0,84.0,58.0,51.0,88.0,20.0,25.0,0.0,0.0,24.0,42.0,54.0,98.0,81.0,"n"
0.0,85.0,19.0,63.0,86.0,31.0,94.0,0.0,3.0,15.0,39.0,50.0,100.0,83.0,29.0,100.0,"n"
0.0,76.0,49.0,100.0,100.0,82.0,58.0,41.0,28.0,0.0,82.0,15.0,28.0,51.0,34.0,88.0,"n"
54.0,85.0,94.0,100.0,96.0,61.0,79.0,22.0,84.0,0.0,100.0,32.0,53.0,52.0,0.0,58.0,"n"
35.0,100.0,0.0,80.0,45.0,41.0,96.0,3.0,44.0,0.0,34.0,38.0,100.0,67.0,78.0,93.0,"n"
69.0,79.0,48.0,57.0,69.0,19.0,0.0,0.0,30.0,34.0,93.0,63.0,100.0,100.0,37.0,76.0,"n"
100.0,100.0,22.0,97.0,23.0,62.0,94.0,33.0,69.0,0.0,0.0,18.0,25.0,59.0,78.0,95.0,"n"
22.0,93.0,0.0,70.0,69.0,37.0,100.0,0.0,15.0,20.0,51.0,60.0,77.0,94.0,42.0,100.0,"n"
16.0,78.0,66.0,100.0,100.0,75.0,46.0,39.0,0.0,0.0,66.0,4.0,24.0,45.0,23.0,85.0,"n"
55.0,65.0,100.0,87.0,61.0,100.0,53.0,66.0,71.0,29.0,40.0,0.0,0.0,21.0,39.0,47.0,"n"
27.0,100.0,43.0,66.0,67.0,31.0,45.0,0.0,0.0,27.0,47.0,59.0,100.0,91.0,20.0,97.0,"n"
30.0,63.0,61.0,100.0,100.0,82.0,76.0,39.0,42.0,0.0,74.0,9.0,53.0,49.0,0.0,63.0,"n"
73.0,100.0,0.0,91.0,49.0,63.0,100.0,31.0,58.0,0.0,16.0,28.0,45.0,69.0,30.0,98.0,"n"
19.0,74.0,75.0,62.0,78.0,23.0,3.0,0.0,28.0,38.0,94.0,72.0,100.0,100.0,0.0,80.0,"n"
100.0,86.0,47.0,100.0,0.0,73.0,42.0,43.0,85.0,15.0,28.0,0.0,37.0,36.0,84.0,66.0,"n"
59.0,72.0,36.0,100.0,0.0,72.0,23.0,36.0,52.0,0.0,0.0,1.0,44.0,27.0,100.0,55.0,"n"
35.0,90.0,24.0,61.0,100.0,100.0,12.0,84.0,0.0,29.0,49.0,0.0,96.0,57.0,7.0,28.0,"n"
20.0,70.0,39.0,100.0,100.0,88.0,67.0,44.0,30.0,1.0,64.0,0.0,22.0,41.0,0.0,85.0,"n"
52.0,98.0,69.0,67.0,78.0,28.0,13.0,0.0,0.0,26.0,54.0,58.0,100.0,93.0,54.0,100.0,"n"
60.0,90.0,43.0,68.0,52.0,22.0,21.0,0.0,0.0,39.0,52.0,66.0,100.0,95.0,38.0,100.0,"n"
60.0,81.0,12.0,100.0,0.0,70.0,28.0,34.0,28.0,0.0,12.0,33.0,52.0,64.0,100.0,91.0,"n"
7.0,60.0,100.0,79.0,76.0,100.0,24.0,71.0,80.0,36.0,84.0,0.0,0.0,14.0,47.0,50.0,"n"
83.0,85.0,17.0,98.0,37.0,57.0,94.0,19.0,38.0,0.0,0.0,38.0,65.0,71.0,100.0,100.0,"n"
44.0,90.0,0.0,79.0,79.0,43.0,95.0,0.0,13.0,10.0,50.0,55.0,100.0,98.0,19.0,100.0,"n"
12.0,75.0,3.0,59.0,67.0,25.0,20.0,0.0,27.0,36.0,95.0,68.0,100.0,100.0,0.0,95.0,"n"
62.0,100.0,0.0,57.0,94.0,71.0,34.0,93.0,26.0,47.0,13.0,0.0,100.0,37.0,8.0,39.0,"n"
15.0,92.0,0.0,96.0,38.0,47.0,79.0,0.0,4.0,8.0,46.0,58.0,100.0,100.0,12.0,86.0,"n"
100.0,100.0,21.0,86.0,64.0,41.0,71.0,0.0,13.0,23.0,73.0,66.0,74.0,100.0,0.0,70.0,"n"
81.0,76.0,15.0,100.0,0.0,65.0,100.0,33.0,65.0,0.0,10.0,28.0,90.0,64.0,73.0,94.0,"n"
100.0,90.0,60.0,100.0,36.0,66.0,54.0,29.0,34.0,0.0,0.0,19.0,37.0,48.0,79.0,74.0,"n"
100.0,51.0,72.0,100.0,0.0,88.0,28.0,42.0,77.0,0.0,2.0,11.0,5.0,55.0,78.0,82.0,"n"
0.0,56.0,76.0,49.0,100.0,11.0,31.0,0.0,45.0,39.0,95.0,73.0,71.0,100.0,11.0,74.0,"n"
58.0,100.0,0.0,85.0,51.0,50.0,79.0,11.0,14.0,0.0,44.0,39.0,100.0,71.0,51.0,83.0,"n"
100.0,63.0,71.0,100.0,10.0,85.0,24.0,43.0,56.0,4.0,0.0,0.0,26.0,38.0,88.0,55.0,"n"
0.0,30.0,46.0,60.0,59.0,100.0,21.0,81.0,67.0,50.0,100.0,16.0,38.0,0.0,7.0,28.0,"n"
23.0,83.0,74.0,49.0,100.0,13.0,19.0,0.0,24.0,35.0,82.0,66.0,73.0,100.0,0.0,84.0,"n"
64.0,89.0,66.0,58.0,74.0,8.0,0.0,0.0,20.0,41.0,92.0,64.0,100.0,100.0,24.0,95.0,"n"
56.0,86.0,39.0,69.0,100.0,34.0,59.0,0.0,0.0,17.0,53.0,54.0,95.0,94.0,22.0,100.0,"n"
69.0,89.0,6.0,100.0,10.0,64.0,35.0,26.0,10.0,0.0,0.0,36.0,47.0,64.0,100.0,91.0,"n"
50.0,83.0,26.0,62.0,58.0,100.0,14.0,60.0,2.0,30.0,50.0,0.0,100.0,51.0,0.0,34.0,"n"
0.0,95.0,21.0,65.0,86.0,30.0,54.0,0.0,14.0,25.0,68.0,62.0,100.0,100.0,0.0,90.0,"n"
85.0,90.0,10.0,65.0,100.0,69.0,34.0,100.0,53.0,41.0,0.0,0.0,92.0,5.0,35.0,48.0,"n"
55.0,68.0,71.0,40.0,100.0,6.0,5.0,0.0,14.0,35.0,66.0,68.0,89.0,100.0,0.0,83.0,"n"
41.0,58.0,99.0,39.0,100.0,1.0,27.0,0.0,33.0,40.0,80.0,75.0,66.0,100.0,0.0,83.0,"n"
13.0,78.0,44.0,47.0,36.0,0.0,0.0,0.0,48.0,39.0,100.0,74.0,85.0,100.0,20.0,79.0,"n"
19.0,90.0,57.0,61.0,96.0,19.0,17.0,0.0,2.0,34.0,81.0,64.0,100.0,100.0,0.0,99.0,"n"
100.0,100.0,29.0,88.0,45.0,52.0,79.0,16.0,16.0,0.0,0.0,33.0,42.0,68.0,44.0,98.0,"n"
44.0,73.0,77.0,100.0,100.0,68.0,78.0,28.0,68.0,0.0,100.0,33.0,56.0,51.0,0.0,53.0,"n"
16.0,92.0,0.0,70.0,68.0,36.0,68.0,0.0,15.0,25.0,53.0,63.0,100.0,100.0,34.0,92.0,"n"
0.0,20.0,38.0,56.0,46.0,100.0,6.0,81.0,58.0,56.0,100.0,24.0,50.0,0.0,7.0,15.0,"n"
65.0,98.0,41.0,74.0,100.0,100.0,32.0,85.0,10.0,60.0,0.0,0.0,73.0,12.0,33.0,62.0,"n"
76.0,100.0,59.0,66.0,89.0,23.0,9.0,0.0,0.0,31.0,80.0,62.0,100.0,96.0,2.0,86.0,"n"
66.0,74.0,23.0,100.0,14.0,69.0,64.0,36.0,47.0,0.0,0.0,23.0,35.0,60.0,100.0,87.0,"n"
21.0,93.0,0.0,65.0,56.0,35.0,48.0,0.0,17.0,26.0,61.0,60.0,100.0,95.0,32.0,100.0,"n"
36.0,100.0,39.0,66.0,100.0,97.0,34.0,100.0,29.0,47.0,0.0,0.0,73.0,10.0,32.0,66.0,"n"
0.0,73.0,54.0,47.0,100.0,15.0,43.0,0.0,51.0,35.0,81.0,69.0,63.0,100.0,2.0,72.0,"n"
62.0,76.0,0.0,100.0,22.0,68.0,90.0,37.0,100.0,0.0,13.0,8.0,13.0,47.0,68.0,81.0,"n"
23.0,100.0,46.0,57.0,100.0,79.0,49.0,89.0,0.0,48.0,20.0,0.0,79.0,22.0,24.0,53.0,"n"
65.0,95.0,0.0,77.0,46.0,36.0,35.0,0.0,5.0,26.0,73.0,61.0,100.0,100.0,6.0,84.0,"n"
40.0,83.0,81.0,46.0,79.0,7.0,5.0,0.0,51.0,35.0,100.0,71.0,72.0,100.0,0.0,77.0,"n"
75.0,92.0,23.0,83.0,58.0,39.0,77.0,0.0,0.0,13.0,42.0,51.0,100.0,86.0,32.0,100.0,"n"
40.0,81.0,67.0,65.0,100.0,27.0,38.0,0.0,0.0,24.0,46.0,61.0,81.0,99.0,27.0,100.0,"n"
21.0,73.0,84.0,42.0,90.0,7.0,0.0,0.0,19.0,35.0,81.0,66.0,100.0,100.0,9.0,89.0,"n"
80.0,81.0,34.0,100.0,0.0,70.0,45.0,39.0,76.0,0.0,28.0,12.0,57.0,54.0,100.0,85.0,"n"
2.0,20.0,44.0,53.0,63.0,100.0,14.0,98.0,53.0,59.0,100.0,25.0,57.0,0.0,0.0,13.0,"n"
70.0,81.0,25.0,100.0,0.0,74.0,42.0,40.0,77.0,5.0,40.0,0.0,53.0,40.0,100.0,70.0,"n"
50.0,54.0,80.0,96.0,38.0,100.0,37.0,50.0,46.0,0.0,0.0,15.0,45.0,45.0,100.0,61.0,"n"
100.0,83.0,20.0,100.0,0.0,68.0,71.0,36.0,89.0,0.0,17.0,15.0,42.0,55.0,98.0,91.0,"n"
2.0,77.0,54.0,100.0,100.0,79.0,86.0,47.0,59.0,16.0,63.0,0.0,73.0,27.0,0.0,43.0,"n"
23.0,74.0,42.0,38.0,51.0,0.0,0.0,7.0,26.0,42.0,81.0,69.0,100.0,97.0,25.0,100.0,"n"
43.0,39.0,100.0,73.0,69.0,100.0,7.0,70.0,60.0,36.0,57.0,0.0,0.0,16.0,67.0,48.0,"n"
95.0,68.0,76.0,100.0,34.0,78.0,50.0,39.0,52.0,0.0,0.0,6.0,40.0,39.0,100.0,60.0,"n"
77.0,83.0,47.0,72.0,78.0,27.0,22.0,0.0,0.0,30.0,68.0,60.0,100.0,100.0,20.0,90.0,"n"
72.0,100.0,2.0,77.0,59.0,36.0,100.0,0.0,0.0,7.0,31.0,52.0,100.0,92.0,22.0,91.0,"n"
49.0,78.0,34.0,60.0,30.0,18.0,0.0,0.0,19.0,39.0,57.0,73.0,100.0,100.0,44.0,82.0,"n"
38.0,81.0,92.0,100.0,100.0,66.0,65.0,33.0,37.0,0.0,100.0,20.0,67.0,51.0,0.0,72.0,"n"
48.0,92.0,29.0,62.0,92.0,100.0,16.0,67.0,0.0,38.0,36.0,0.0,100.0,43.0,10.0,41.0,"n"
82.0,100.0,0.0,85.0,67.0,49.0,100.0,10.0,6.0,0.0,12.0,41.0,82.0,77.0,69.0,99.0,"n"
20.0,60.0,0.0,83.0,15.0,39.0,100.0,9.0,30.0,0.0,47.0,54.0,67.0,100.0,2.0,59.0,"n"
74.0,74.0,62.0,100.0,10.0,76.0,36.0,39.0,62.0,2.0,0.0,0.0,24.0,30.0,100.0,50.0,"n"
46.0,92.0,0.0,75.0,48.0,39.0,44.0,0.0,7.0,19.0,52.0,57.0,100.0,92.0,37.0,100.0,"n"
82.0,86.0,0.0,67.0,38.0,29.0,96.0,0.0,25.0,20.0,65.0,61.0,100.0,100.0,18.0,73.0,"n"
0.0,77.0,52.0,57.0,100.0,26.0,54.0,0.0,23.0,24.0,56.0,58.0,75.0,94.0,21.0,100.0,"n"
100.0,86.0,49.0,100.0,3.0,79.0,37.0,43.0,59.0,5.0,9.0,0.0,0.0,40.0,43.0,70.0,"n"
66.0,76.0,34.0,100.0,5.0,76.0,43.0,39.0,44.0,0.0,0.0,17.0,45.0,50.0,100.0,76.0,"n"
100.0,70.0,46.0,94.0,32.0,51.0,87.0,9.0,0.0,0.0,38.0,46.0,80.0,91.0,19.0,100.0,"n"
1.0,13.0,46.0,53.0,72.0,100.0,13.0,97.0,39.0,54.0,100.0,23.0,56.0,0.0,0.0,19.0,"n"
0.0,24.0,43.0,59.0,64.0,100.0,18.0,94.0,67.0,61.0,100.0,23.0,43.0,0.0,7.0,29.0,"n"
75.0,61.0,85.0,100.0,22.0,82.0,37.0,42.0,55.0,2.0,0.0,0.0,31.0,36.0,100.0,60.0,"n"
69.0,94.0,0.0,81.0,73.0,55.0,100.0,21.0,32.0,0.0,20.0,33.0,58.0,67.0,51.0,100.0,"n"
100.0,100.0,33.0,95.0,0.0,60.0,47.0,28.0,48.0,0.0,5.0,21.0,40.0,59.0,87.0,92.0,"n"
32.0,87.0,24.0,54.0,81.0,100.0,0.0,72.0,18.0,44.0,36.0,0.0,100.0,44.0,19.0,49.0,"n"
0.0,96.0,31.0,63.0,100.0,32.0,86.0,0.0,12.0,18.0,53.0,53.0,98.0,87.0,41.0,100.0,"n"
28.0,49.0,35.0,93.0,100.0,100.0,81.0,54.0,41.0,13.0,52.0,0.0,66.0,45.0,0.0,63.0,"n"
25.0,94.0,6.0,58.0,87.0,30.0,85.0,0.0,0.0,17.0,49.0,53.0,100.0,89.0,35.0,100.0,"n"
97.0,91.0,33.0,93.0,55.0,46.0,54.0,0.0,0.0,10.0,49.0,49.0,100.0,87.0,30.0,100.0,"n"
61.0,96.0,46.0,68.0,71.0,22.0,11.0,0.0,0.0,34.0,67.0,63.0,100.0,100.0,25.0,93.0,"n"
46.0,78.0,26.0,54.0,84.0,100.0,0.0,75.0,24.0,42.0,29.0,0.0,100.0,44.0,20.0,39.0,"n"
57.0,95.0,59.0,56.0,76.0,12.0,0.0,0.0,28.0,33.0,100.0,60.0,96.0,100.0,21.0,88.0,"n"
86.0,83.0,40.0,100.0,0.0,72.0,49.0,37.0,63.0,0.0,10.0,20.0,52.0,55.0,100.0,82.0,"n"
36.0,82.0,45.0,60.0,81.0,100.0,0.0,70.0,19.0,45.0,25.0,0.0,100.0,37.0,4.0,32.0,"n"
100.0,92.0,20.0,90.0,7.0,42.0,65.0,0.0,0.0,10.0,18.0,58.0,78.0,100.0,45.0,97.0,"n"
94.0,83.0,29.0,77.0,100.0,41.0,78.0,0.0,0.0,11.0,45.0,56.0,92.0,100.0,10.0,79.0,"n"
89.0,98.0,57.0,76.0,63.0,34.0,19.0,0.0,0.0,25.0,55.0,56.0,100.0,91.0,36.0,100.0,"n"
55.0,90.0,44.0,56.0,29.0,13.0,0.0,0.0,28.0,38.0,64.0,69.0,100.0,100.0,63.0,99.0,"n"
56.0,71.0,31.0,100.0,16.0,66.0,24.0,23.0,0.0,0.0,17.0,34.0,57.0,57.0,100.0,76.0,"n"
0.0,21.0,49.0,57.0,79.0,100.0,15.0,81.0,45.0,44.0,100.0,15.0,29.0,0.0,5.0,25.0,"n"
84.0,74.0,74.0,100.0,32.0,74.0,58.0,34.0,49.0,0.0,0.0,8.0,48.0,37.0,100.0,62.0,"n"
93.0,77.0,47.0,100.0,8.0,68.0,70.0,33.0,74.0,0.0,0.0,20.0,52.0,57.0,100.0,92.0,"n"
40.0,84.0,33.0,81.0,100.0,42.0,81.0,0.0,0.0,13.0,46.0,57.0,94.0,100.0,11.0,90.0,"n"
54.0,77.0,30.0,37.0,0.0,0.0,13.0,25.0,55.0,54.0,100.0,80.0,89.0,100.0,37.0,86.0,"n"
61.0,83.0,19.0,100.0,3.0,62.0,15.0,21.0,0.0,0.0,0.0,40.0,47.0,62.0,100.0,79.0,"n"
59.0,100.0,28.0,71.0,26.0,20.0,0.0,0.0,28.0,40.0,72.0,67.0,100.0,99.0,49.0,99.0,"n"
40.0,100.0,0.0,58.0,93.0,90.0,6.0,92.0,11.0,52.0,9.0,0.0,100.0,34.0,0.0,38.0,"n"
48.0,84.0,38.0,41.0,20.0,0.0,0.0,14.0,37.0,51.0,89.0,81.0,100.0,100.0,36.0,84.0,"n"
3.0,61.0,69.0,34.0,69.0,0.0,0.0,13.0,45.0,46.0,100.0,78.0,71.0,100.0,29.0,71.0,"n"
100.0,91.0,44.0,100.0,0.0,76.0,10.0,37.0,30.0,0.0,3.0,25.0,25.0,61.0,72.0,86.0,"n"
57.0,100.0,0.0,75.0,62.0,40.0,62.0,0.0,2.0,15.0,56.0,53.0,100.0,93.0,23.0,95.0,"n"
32.0,84.0,66.0,100.0,100.0,80.0,64.0,40.0,30.0,0.0,68.0,11.0,36.0,52.0,0.0,91.0,"n"
54.0,97.0,20.0,73.0,48.0,34.0,35.0,0.0,0.0,22.0,50.0,50.0,100.0,78.0,71.0,100.0,"n"
86.0,74.0,21.0,100.0,0.0,73.0,66.0,38.0,100.0,0.0,12.0,8.0,49.0,49.0,100.0,76.0,"n"
100.0,87.0,9.0,100.0,0.0,67.0,74.0,37.0,94.0,0.0,21.0,15.0,60.0,56.0,93.0,94.0,"n"
36.0,93.0,31.0,55.0,79.0,100.0,0.0,73.0,31.0,53.0,27.0,0.0,100.0,37.0,32.0,46.0,"n"
51.0,62.0,56.0,100.0,1.0,82.0,33.0,42.0,65.0,1.0,0.0,0.0,32.0,40.0,100.0,65.0,"n"
36.0,86.0,0.0,75.0,35.0,34.0,12.0,0.0,11.0,35.0,75.0,68.0,100.0,100.0,12.0,89.0,"n"
47.0,97.0,17.0,79.0,57.0,40.0,70.0,0.0,0.0,17.0,33.0,53.0,100.0,79.0,65.0,100.0,"n"
26.0,94.0,0.0,80.0,47.0,41.0,68.0,0.0,5.0,9.0,52.0,46.0,100.0,84.0,36.0,100.0,"n"
51.0,67.0,81.0,100.0,0.0,89.0,33.0,50.0,83.0,13.0,13.0,0.0,41.0,34.0,100.0,62.0,"n"
32.0,87.0,76.0,51.0,98.0,14.0,16.0,0.0,46.0,32.0,100.0,66.0,76.0,100.0,0.0,82.0,"n"
48.0,88.0,28.0,58.0,34.0,9.0,0.0,0.0,25.0,42.0,66.0,77.0,100.0,100.0,49.0,78.0,"n"
65.0,100.0,0.0,79.0,67.0,41.0,99.0,0.0,10.0,3.0,41.0,42.0,100.0,80.0,6.0,90.0,"n"
64.0,97.0,32.0,67.0,19.0,26.0,0.0,0.0,30.0,36.0,67.0,67.0,100.0,100.0,47.0,88.0,"n"
25.0,67.0,79.0,49.0,100.0,13.0,51.0,0.0,54.0,37.0,78.0,73.0,61.0,100.0,0.0,79.0,"n"
44.0,76.0,61.0,100.0,6.0,75.0,41.0,38.0,70.0,0.0,0.0,0.0,33.0,36.0,100.0,62.0,"n"
51.0,91.0,5.0,86.0,0.0,43.0,22.0,0.0,8.0,24.0,50.0,61.0,100.0,93.0,45.0,100.0,"n"
72.0,97.0,4.0,91.0,14.0,45.0,29.0,0.0,0.0,30.0,61.0,65.0,100.0,100.0,20.0,86.0,"n"
59.0,61.0,91.0,100.0,37.0,92.0,36.0,46.0,45.0,0.0,0.0,6.0,35.0,36.0,100.0,38.0,"n"
73.0,95.0,7.0,76.0,78.0,40.0,100.0,2.0,0.0,0.0,37.0,41.0,82.0,82.0,51.0,100.0,"n"
27.0,73.0,35.0,48.0,100.0,14.0,70.0,0.0,38.0,38.0,89.0,75.0,94.0,100.0,0.0,86.0,"n"
60.0,56.0,56.0,100.0,0.0,79.0,46.0,38.0,100.0,0.0,45.0,1.0,39.0,48.0,91.0,86.0,"n"
37.0,89.0,25.0,54.0,80.0,20.0,15.0,0.0,0.0,26.0,62.0,58.0,100.0,97.0,23.0,100.0,"n"
58.0,95.0,60.0,64.0,100.0,32.0,83.0,0.0,17.0,20.0,62.0,51.0,69.0,85.0,0.0,100.0,"n"
87.0,80.0,54.0,100.0,24.0,68.0,61.0,34.0,37.0,0.0,0.0,19.0,52.0,48.0,100.0,80.0,"n"
45.0,100.0,68.0,64.0,100.0,24.0,39.0,0.0,5.0,33.0,68.0,65.0,85.0,97.0,0.0,97.0,"n"
88.0,100.0,9.0,93.0,8.0,45.0,55.0,0.0,0.0,6.0,37.0,50.0,100.0,84.0,44.0,99.0,"n"
79.0,78.0,42.0,100.0,27.0,66.0,68.0,30.0,50.0,0.0,0.0,22.0,45.0,54.0,100.0,82.0,"n"
100.0,83.0,29.0,100.0,27.0,65.0,86.0,32.0,59.0,0.0,0.0,21.0,45.0,58.0,99.0,89.0,"n"
36.0,86.0,30.0,70.0,78.0,35.0,55.0,0.0,0.0,21.0,62.0,53.0,100.0,89.0,9.0,100.0,"n"
65.0,67.0,72.0,100.0,1.0,75.0,32.0,37.0,61.0,0.0,0.0,4.0,32.0,44.0,100.0,74.0,"n"
30.0,79.0,4.0,66.0,68.0,31.0,41.0,0.0,0.0,28.0,57.0,64.0,100.0,100.0,0.0,92.0,"n"
100.0,82.0,61.0,100.0,50.0,68.0,72.0,31.0,38.0,0.0,0.0,16.0,31.0,49.0,78.0,76.0,"n"
44.0,93.0,0.0,100.0,32.0,60.0,85.0,27.0,61.0,0.0,41.0,36.0,100.0,65.0,72.0,88.0,"n"
67.0,78.0,54.0,100.0,0.0,83.0,36.0,43.0,61.0,0.0,15.0,14.0,51.0,54.0,100.0,80.0,"n"
12.0,79.0,62.0,46.0,100.0,12.0,23.0,0.0,41.0,33.0,86.0,67.0,82.0,100.0,0.0,88.0,"n"
17.0,97.0,25.0,59.0,85.0,100.0,0.0,82.0,27.0,51.0,23.0,0.0,100.0,36.0,19.0,33.0,"n"
69.0,82.0,0.0,100.0,22.0,64.0,96.0,36.0,96.0,0.0,33.0,20.0,93.0,53.0,100.0,79.0,"n"
11.0,58.0,85.0,41.0,87.0,0.0,0.0,9.0,23.0,50.0,100.0,78.0,71.0,100.0,10.0,77.0,"n"
23.0,100.0,13.0,70.0,66.0,36.0,33.0,0.0,0.0,25.0,59.0,58.0,100.0,96.0,28.0,97.0,"n"
31.0,100.0,0.0,82.0,47.0,46.0,97.0,12.0,44.0,0.0,31.0,33.0,95.0,61.0,100.0,91.0,"n"
24.0,97.0,55.0,60.0,77.0,22.0,21.0,0.0,0.0,31.0,51.0,62.0,100.0,95.0,30.0,100.0,"n"
72.0,100.0,3.0,76.0,100.0,63.0,49.0,99.0,29.0,45.0,0.0,28.0,53.0,0.0,33.0,48.0,"n"
32.0,85.0,67.0,55.0,95.0,10.0,4.0,0.0,12.0,40.0,95.0,71.0,100.0,100.0,0.0,87.0,"n"
72.0,68.0,42.0,100.0,0.0,68.0,61.0,34.0,79.0,0.0,1.0,16.0,50.0,53.0,100.0,88.0,"n"
83.0,100.0,18.0,88.0,37.0,43.0,61.0,0.0,0.0,20.0,53.0,56.0,100.0,91.0,22.0,97.0,"n"
0.0,25.0,52.0,58.0,76.0,98.0,15.0,100.0,54.0,64.0,100.0,29.0,49.0,0.0,9.0,28.0,"n"
29.0,61.0,97.0,31.0,78.0,0.0,0.0,12.0,45.0,45.0,100.0,77.0,80.0,100.0,9.0,73.0,"n"
51.0,91.0,46.0,56.0,29.0,15.0,0.0,0.0,36.0,33.0,72.0,64.0,100.0,100.0,48.0,92.0,"n"
30.0,81.0,62.0,43.0,64.0,0.0,29.0,15.0,62.0,52.0,100.0,87.0,58.0,100.0,0.0,87.0,"n"
43.0,100.0,0.0,88.0,67.0,47.0,85.0,0.0,17.0,16.0,83.0,56.0,100.0,93.0,17.0,74.0,"n"
43.0,67.0,83.0,33.0,78.0,0.0,9.0,9.0,57.0,41.0,100.0,73.0,57.0,100.0,0.0,78.0,"n"
49.0,75.0,44.0,100.0,23.0,73.0,43.0,37.0,47.0,0.0,0.0,16.0,40.0,45.0,100.0,68.0,"n"
73.0,92.0,0.0,100.0,23.0,63.0,77.0,31.0,50.0,0.0,7.0,30.0,52.0,66.0,100.0,98.0,"n"
29.0,100.0,20.0,62.0,100.0,96.0,15.0,96.0,14.0,51.0,25.0,0.0,90.0,47.0,0.0,44.0,"n"
53.0,61.0,100.0,73.0,92.0,100.0,55.0,72.0,58.0,36.0,51.0,1.0,0.0,0.0,29.0,31.0,"n"
100.0,98.0,51.0,100.0,11.0,72.0,44.0,35.0,43.0,0.0,0.0,20.0,22.0,61.0,65.0,92.0,"n"
86.0,59.0,56.0,100.0,0.0,81.0,48.0,42.0,71.0,0.0,11.0,8.0,45.0,52.0,100.0,88.0,"n"
81.0,60.0,96.0,100.0,0.0,98.0,49.0,54.0,96.0,11.0,13.0,0.0,33.0,45.0,100.0,86.0,"n"
77.0,97.0,13.0,85.0,62.0,41.0,100.0,0.0,24.0,11.0,48.0,63.0,72.0,100.0,0.0,76.0,"n"
18.0,68.0,50.0,54.0,100.0,19.0,30.0,0.0,24.0,35.0,84.0,68.0,90.0,100.0,0.0,84.0,"n"
49.0,49.0,100.0,79.0,54.0,100.0,8.0,68.0,35.0,27.0,0.0,0.0,6.0,35.0,71.0,63.0,"n"
77.0,99.0,43.0,77.0,34.0,36.0,0.0,0.0,23.0,34.0,66.0,68.0,100.0,100.0,39.0,78.0,"n"
0.0,77.0,50.0,100.0,100.0,72.0,40.0,39.0,13.0,0.0,74.0,1.0,23.0,38.0,12.0,77.0,"n"
49.0,73.0,61.0,100.0,0.0,84.0,42.0,42.0,81.0,0.0,26.0,10.0,43.0,56.0,100.0,86.0,"n"
49.0,91.0,31.0,63.0,71.0,29.0,11.0,0.0,0.0,32.0,49.0,67.0,100.0,100.0,0.0,83.0,"n"
100.0,75.0,49.0,100.0,24.0,61.0,100.0,27.0,91.0,0.0,0.0,18.0,66.0,55.0,93.0,85.0,"n"
75.0,77.0,41.0,100.0,19.0,68.0,65.0,36.0,59.0,0.0,0.0,5.0,43.0,38.0,100.0,66.0,"n"
6.0,27.0,47.0,57.0,62.0,100.0,8.0,91.0,48.0,56.0,100.0,25.0,51.0,0.0,0.0,22.0,"n"
13.0,65.0,73.0,34.0,94.0,0.0,0.0,0.0,27.0,34.0,82.0,65.0,100.0,100.0,27.0,77.0,"n"
77.0,97.0,63.0,73.0,91.0,32.0,54.0,0.0,0.0,24.0,49.0,54.0,100.0,86.0,46.0,100.0,"n"
69.0,91.0,10.0,95.0,34.0,46.0,50.0,0.0,0.0,23.0,62.0,50.0,100.0,87.0,36.0,100.0,"n"
0.0,71.0,64.0,52.0,100.0,16.0,34.0,0.0,21.0,36.0,69.0,68.0,80.0,100.0,8.0,93.0,"n"
97.0,75.0,60.0,100.0,35.0,68.0,68.0,32.0,49.0,0.0,0.0,22.0,39.0,57.0,100.0,83.0,"n"
95.0,69.0,60.0,100.0,35.0,66.0,63.0,28.0,24.0,0.0,0.0,23.0,41.0,56.0,100.0,82.0,"n"
44.0,95.0,1.0,72.0,39.0,36.0,38.0,0.0,0.0,24.0,49.0,57.0,100.0,90.0,34.0,100.0,"n"
56.0,76.0,18.0,100.0,0.0,69.0,57.0,37.0,71.0,0.0,12.0,20.0,62.0,55.0,100.0,83.0,"n"
66.0,94.0,0.0,92.0,38.0,48.0,90.0,5.0,11.0,0.0,36.0,45.0,100.0,84.0,18.0,100.0,"n"
67.0,73.0,41.0,100.0,16.0,67.0,73.0,34.0,78.0,0.0,0.0,10.0,35.0,47.0,100.0,77.0,"n"
76.0,56.0,75.0,100.0,0.0,90.0,35.0,53.0,95.0,21.0,47.0,0.0,57.0,44.0,100.0,85.0,"n"
50.0,93.0,4.0,100.0,38.0,58.0,100.0,17.0,25.0,0.0,0.0,43.0,54.0,87.0,6.0,89.0,"n"
100.0,99.0,43.0,100.0,8.0,68.0,38.0,32.0,25.0,0.0,0.0,30.0,41.0,63.0,95.0,86.0,"n"
58.0,56.0,55.0,100.0,0.0,74.0,68.0,42.0,100.0,0.0,19.0,1.0,29.0,45.0,87.0,83.0,"n"
0.0,77.0,49.0,100.0,100.0,74.0,85.0,37.0,58.0,0.0,93.0,13.0,69.0,48.0,5.0,74.0,"n"
41.0,94.0,71.0,72.0,95.0,33.0,34.0,0.0,0.0,27.0,51.0,63.0,100.0,100.0,41.0,94.0,"n"
0.0,54.0,59.0,54.0,100.0,23.0,45.0,0.0,41.0,34.0,79.0,69.0,65.0,100.0,13.0,75.0,"n"
29.0,83.0,0.0,83.0,41.0,42.0,53.0,0.0,17.0,20.0,50.0,61.0,100.0,100.0,29.0,95.0,"n"
76.0,81.0,25.0,100.0,35.0,64.0,94.0,31.0,75.0,0.0,0.0,22.0,28.0,58.0,100.0,88.0,"n"
35.0,74.0,71.0,42.0,100.0,9.0,62.0,0.0,76.0,38.0,89.0,76.0,48.0,100.0,0.0,82.0,"n"
59.0,85.0,4.0,100.0,49.0,50.0,94.0,0.0,0.0,24.0,49.0,56.0,100.0,88.0,4.0,90.0,"n"
67.0,96.0,20.0,100.0,21.0,59.0,41.0,20.0,11.0,0.0,0.0,35.0,48.0,65.0,100.0,93.0,"n"
0.0,33.0,66.0,60.0,100.0,100.0,48.0,78.0,84.0,37.0,52.0,0.0,30.0,32.0,85.0,68.0,"n"
37.0,55.0,100.0,72.0,94.0,100.0,52.0,75.0,57.0,37.0,57.0,0.0,0.0,2.0,9.0,36.0,"n"
10.0,23.0,56.0,59.0,67.0,100.0,0.0,93.0,44.0,57.0,100.0,25.0,50.0,0.0,16.0,26.0,"n"
0.0,69.0,28.0,100.0,100.0,97.0,77.0,55.0,40.0,15.0,86.0,0.0,38.0,33.0,9.0,72.0,"n"
72.0,64.0,54.0,100.0,24.0,73.0,54.0,36.0,45.0,0.0,0.0,19.0,41.0,53.0,100.0,80.0,"n"
65.0,66.0,61.0,100.0,13.0,67.0,76.0,34.0,90.0,0.0,0.0,5.0,32.0,44.0,100.0,75.0,"n"
38.0,71.0,72.0,36.0,81.0,0.0,12.0,11.0,57.0,45.0,100.0,80.0,49.0,100.0,0.0,70.0,"n"
56.0,66.0,100.0,94.0,44.0,100.0,35.0,64.0,63.0,29.0,37.0,0.0,0.0,22.0,42.0,54.0,"n"
79.0,87.0,32.0,63.0,85.0,32.0,73.0,0.0,0.0,12.0,42.0,44.0,100.0,75.0,70.0,100.0,"n"
7.0,61.0,75.0,35.0,72.0,0.0,0.0,7.0,42.0,41.0,100.0,72.0,79.0,100.0,14.0,75.0,"n"
30.0,68.0,63.0,39.0,77.0,0.0,0.0,6.0,44.0,41.0,100.0,75.0,63.0,100.0,9.0,69.0,"n"
64.0,83.0,16.0,87.0,11.0,43.0,0.0,0.0,5.0,33.0,54.0,68.0,100.0,100.0,25.0,90.0,"n"
85.0,100.0,19.0,76.0,100.0,62.0,47.0,97.0,26.0,50.0,0.0,18.0,81.0,0.0,48.0,43.0,"n"
31.0,74.0,62.0,37.0,55.0,0.0,0.0,17.0,46.0,49.0,100.0,78.0,83.0,100.0,34.0,72.0,"n"
80.0,71.0,59.0,100.0,18.0,73.0,44.0,34.0,50.0,0.0,0.0,20.0,46.0,50.0,100.0,74.0,"n"
68.0,94.0,67.0,75.0,100.0,100.0,39.0,70.0,0.0,42.0,20.0,0.0,97.0,25.0,33.0,65.0,"n"
89.0,93.0,31.0,100.0,40.0,50.0,53.0,0.0,0.0,0.0,46.0,41.0,100.0,79.0,36.0,85.0,"n"
67.0,79.0,33.0,62.0,100.0,30.0,71.0,0.0,43.0,32.0,87.0,68.0,93.0,100.0,0.0,79.0,"n"
56.0,89.0,55.0,63.0,100.0,29.0,53.0,0.0,52.0,33.0,93.0,68.0,82.0,100.0,0.0,84.0,"n"
9.0,70.0,41.0,100.0,100.0,85.0,68.0,42.0,27.0,2.0,75.0,0.0,45.0,42.0,0.0,80.0,"n"
65.0,81.0,100.0,48.0,88.0,10.0,7.0,0.0,40.0,35.0,97.0,68.0,78.0,100.0,0.0,87.0,"n"
91.0,73.0,55.0,100.0,0.0,73.0,49.0,37.0,83.0,0.0,17.0,7.0,56.0,44.0,100.0,77.0,"n"
5.0,28.0,50.0,60.0,69.0,100.0,17.0,90.0,60.0,58.0,100.0,24.0,49.0,0.0,0.0,22.0,"n"
59.0,99.0,8.0,100.0,24.0,58.0,81.0,28.0,57.0,0.0,0.0,25.0,39.0,64.0,100.0,93.0,"n"
56.0,94.0,21.0,74.0,100.0,89.0,29.0,100.0,0.0,63.0,2.0,0.0,74.0,21.0,20.0,66.0,"n"
92.0,100.0,8.0,87.0,54.0,50.0,100.0,15.0,0.0,0.0,5.0,37.0,64.0,73.0,48.0,99.0,"n"
100.0,94.0,4.0,100.0,2.0,57.0,87.0,19.0,0.0,0.0,7.0,44.0,78.0,87.0,7.0,91.0,"n"
100.0,73.0,56.0,100.0,3.0,72.0,55.0,37.0,80.0,0.0,0.0,3.0,27.0,41.0,95.0,70.0,"n"
97.0,98.0,19.0,80.0,100.0,57.0,69.0,100.0,45.0,50.0,0.0,19.0,73.0,0.0,31.0,43.0,"n"
5.0,66.0,16.0,100.0,100.0,98.0,69.0,58.0,29.0,20.0,75.0,0.0,21.0,32.0,0.0,71.0,"n"
77.0,57.0,87.0,100.0,0.0,95.0,43.0,55.0,100.0,15.0,40.0,0.0,28.0,45.0,86.0,85.0,"n"
13.0,69.0,78.0,100.0,100.0,73.0,59.0,36.0,11.0,0.0,87.0,11.0,87.0,45.0,0.0,69.0,"n"
68.0,100.0,11.0,89.0,59.0,45.0,61.0,0.0,0.0,17.0,65.0,55.0,100.0,100.0,18.0,98.0,"n"
91.0,90.0,59.0,64.0,50.0,16.0,0.0,0.0,21.0,44.0,94.0,73.0,100.0,100.0,11.0,92.0,"n"
59.0,77.0,15.0,63.0,88.0,31.0,47.0,0.0,14.0,26.0,66.0,62.0,100.0,100.0,0.0,99.0,"n"
27.0,50.0,79.0,68.0,100.0,100.0,46.0,85.0,42.0,42.0,51.0,1.0,0.0,0.0,35.0,33.0,"n"
25.0,88.0,39.0,61.0,92.0,24.0,27.0,0.0,15.0,33.0,77.0,68.0,100.0,100.0,0.0,88.0,"n"
86.0,78.0,53.0,100.0,32.0,69.0,56.0,32.0,36.0,0.0,0.0,18.0,49.0,48.0,100.0,77.0,"n"
57.0,92.0,18.0,72.0,42.0,30.0,7.0,0.0,0.0,39.0,50.0,69.0,100.0,99.0,43.0,100.0,"n"
78.0,62.0,60.0,100.0,12.0,65.0,94.0,32.0,100.0,0.0,0.0,14.0,60.0,53.0,72.0,83.0,"n"
83.0,96.0,20.0,81.0,67.0,41.0,54.0,0.0,0.0,27.0,65.0,62.0,100.0,100.0,15.0,93.0,"n"
83.0,63.0,77.0,55.0,100.0,15.0,35.0,0.0,23.0,38.0,70.0,73.0,63.0,100.0,0.0,78.0,"n"
43.0,84.0,36.0,63.0,100.0,38.0,75.0,0.0,33.0,24.0,61.0,66.0,61.0,100.0,0.0,73.0,"n"
90.0,82.0,4.0,94.0,44.0,49.0,62.0,0.0,0.0,7.0,49.0,50.0,100.0,92.0,21.0,100.0,"n"
62.0,83.0,27.0,69.0,70.0,26.0,47.0,0.0,0.0,34.0,63.0,66.0,100.0,98.0,19.0,100.0,"n"
69.0,97.0,37.0,54.0,57.0,0.0,0.0,4.0,30.0,46.0,100.0,66.0,84.0,100.0,12.0,94.0,"n"
31.0,84.0,67.0,50.0,68.0,2.0,0.0,0.0,37.0,40.0,100.0,70.0,70.0,100.0,2.0,82.0,"n"
76.0,81.0,0.0,82.0,57.0,42.0,91.0,0.0,19.0,17.0,78.0,57.0,100.0,100.0,20.0,84.0,"n"
54.0,82.0,26.0,63.0,100.0,76.0,28.0,100.0,61.0,50.0,0.0,36.0,49.0,0.0,55.0,54.0,"n"
100.0,100.0,39.0,93.0,43.0,59.0,70.0,25.0,32.0,0.0,0.0,24.0,34.0,56.0,79.0,84.0,"n"
25.0,80.0,75.0,100.0,92.0,69.0,72.0,35.0,52.0,0.0,100.0,18.0,61.0,48.0,0.0,65.0,"n"
98.0,100.0,31.0,97.0,48.0,60.0,72.0,23.0,16.0,0.0,0.0,30.0,47.0,62.0,100.0,92.0,"n"
42.0,63.0,100.0,85.0,54.0,100.0,42.0,62.0,62.0,22.0,0.0,0.0,0.0,27.0,73.0,51.0,"n"
89.0,79.0,48.0,100.0,21.0,71.0,51.0,34.0,40.0,0.0,0.0,18.0,49.0,47.0,100.0,77.0,"n"
0.0,39.0,62.0,67.0,86.0,100.0,6.0,87.0,38.0,54.0,100.0,26.0,72.0,0.0,1.0,17.0,"n"
7.0,91.0,34.0,60.0,77.0,100.0,0.0,69.0,8.0,39.0,32.0,0.0,100.0,43.0,8.0,39.0,"n"
98.0,76.0,59.0,100.0,16.0,76.0,74.0,42.0,77.0,0.0,0.0,9.0,31.0,48.0,100.0,76.0,"n"
100.0,85.0,17.0,97.0,8.0,71.0,88.0,41.0,67.0,0.0,0.0,23.0,47.0,63.0,100.0,100.0,"n"
22.0,75.0,58.0,41.0,38.0,0.0,0.0,8.0,55.0,39.0,100.0,74.0,60.0,100.0,7.0,76.0,"n"
100.0,88.0,32.0,100.0,0.0,64.0,55.0,31.0,40.0,0.0,5.0,30.0,55.0,66.0,91.0,98.0,"n"
0.0,63.0,63.0,33.0,72.0,0.0,20.0,9.0,58.0,42.0,100.0,74.0,56.0,100.0,7.0,71.0,"n"
79.0,98.0,0.0,87.0,39.0,48.0,95.0,13.0,28.0,0.0,46.0,40.0,100.0,77.0,58.0,100.0,"n"
43.0,84.0,0.0,77.0,48.0,37.0,28.0,0.0,1.0,25.0,68.0,57.0,100.0,97.0,21.0,100.0,"n"
23.0,69.0,60.0,33.0,48.0,0.0,0.0,19.0,48.0,50.0,100.0,81.0,68.0,100.0,17.0,71.0,"n"
50.0,100.0,10.0,67.0,100.0,100.0,14.0,94.0,19.0,56.0,0.0,0.0,89.0,29.0,1.0,40.0,"n"
0.0,69.0,35.0,100.0,100.0,94.0,69.0,49.0,26.0,8.0,71.0,0.0,36.0,40.0,15.0,83.0,"n"
62.0,95.0,12.0,76.0,74.0,39.0,100.0,0.0,21.0,6.0,30.0,57.0,65.0,100.0,0.0,66.0,"n"
62.0,77.0,24.0,100.0,1.0,71.0,41.0,36.0,50.0,0.0,0.0,22.0,42.0,55.0,100.0,74.0,"n"
83.0,63.0,48.0,100.0,0.0,76.0,61.0,40.0,82.0,0.0,3.0,9.0,38.0,55.0,100.0,91.0,"n"
3.0,15.0,44.0,51.0,88.0,88.0,46.0,100.0,42.0,63.0,100.0,31.0,72.0,0.0,0.0,17.0,"n"
26.0,75.0,59.0,41.0,65.0,3.0,0.0,0.0,14.0,36.0,63.0,66.0,100.0,100.0,36.0,90.0,"n"
73.0,69.0,100.0,100.0,0.0,95.0,39.0,54.0,85.0,13.0,7.0,0.0,13.0,40.0,89.0,73.0,"n"
9.0,63.0,66.0,39.0,77.0,0.0,0.0,4.0,41.0,41.0,100.0,75.0,77.0,100.0,0.0,77.0,"n"
28.0,68.0,37.0,100.0,96.0,94.0,82.0,47.0,66.0,0.0,100.0,6.0,46.0,36.0,0.0,70.0,"n"
100.0,84.0,49.0,78.0,79.0,39.0,84.0,0.0,0.0,13.0,37.0,50.0,93.0,85.0,18.0,100.0,"n"
100.0,100.0,22.0,86.0,23.0,55.0,73.0,27.0,42.0,0.0,0.0,20.0,53.0,47.0,100.0,77.0,"n"
62.0,99.0,0.0,92.0,32.0,50.0,100.0,24.0,67.0,0.0,1.0,19.0,38.0,64.0,48.0,100.0,"n"
57.0,74.0,45.0,100.0,14.0,69.0,46.0,33.0,39.0,0.0,0.0,23.0,49.0,49.0,100.0,73.0,"n"
66.0,82.0,15.0,81.0,25.0,36.0,52.0,0.0,0.0,12.0,52.0,55.0,100.0,100.0,35.0,76.0,"n"
0.0,18.0,39.0,59.0,82.0,100.0,34.0,100.0,34.0,62.0,100.0,36.0,68.0,0.0,14.0,19.0,"n"
0.0,70.0,33.0,100.0,100.0,94.0,100.0,59.0,75.0,25.0,47.0,0.0,69.0,34.0,14.0,61.0,"n"
20.0,73.0,57.0,44.0,76.0,2.0,0.0,0.0,40.0,40.0,100.0,76.0,77.0,100.0,22.0,65.0,"n"
24.0,73.0,85.0,63.0,100.0,24.0,35.0,0.0,18.0,33.0,66.0,67.0,79.0,100.0,0.0,88.0,"n"
34.0,78.0,39.0,53.0,100.0,24.0,49.0,0.0,44.0,35.0,77.0,70.0,76.0,100.0,0.0,80.0,"n"
65.0,82.0,14.0,100.0,33.0,49.0,100.0,5.0,8.0,0.0,0.0,41.0,90.0,72.0,12.0,98.0,"n"
100.0,100.0,50.0,100.0,34.0,60.0,69.0,25.0,43.0,0.0,0.0,18.0,27.0,58.0,65.0,92.0,"n"
49.0,100.0,57.0,55.0,40.0,9.0,0.0,0.0,44.0,40.0,100.0,77.0,77.0,100.0,14.0,69.0,"n"
59.0,84.0,20.0,66.0,59.0,29.0,15.0,0.0,0.0,36.0,58.0,66.0,100.0,100.0,24.0,92.0,"n"
8.0,44.0,30.0,84.0,100.0,100.0,97.0,59.0,66.0,19.0,67.0,0.0,61.0,38.0,0.0,69.0,"n"
26.0,87.0,67.0,52.0,100.0,18.0,34.0,0.0,24.0,33.0,70.0,67.0,80.0,100.0,0.0,82.0,"n"
91.0,67.0,83.0,100.0,25.0,86.0,24.0,43.0,41.0,0.0,0.0,6.0,36.0,33.0,100.0,36.0,"n"
5.0,92.0,82.0,100.0,100.0,67.0,57.0,32.0,12.0,0.0,80.0,11.0,70.0,46.0,0.0,66.0,"n"
27.0,50.0,66.0,35.0,46.0,0.0,7.0,31.0,46.0,68.0,100.0,100.0,41.0,100.0,0.0,64.0,"n"
100.0,100.0,46.0,95.0,51.0,59.0,75.0,25.0,30.0,0.0,0.0,17.0,43.0,46.0,83.0,78.0,"n"
49.0,62.0,71.0,100.0,100.0,81.0,83.0,39.0,57.0,1.0,78.0,0.0,51.0,33.0,0.0,49.0,"n"
53.0,97.0,31.0,66.0,44.0,20.0,9.0,0.0,0.0,41.0,54.0,67.0,100.0,95.0,37.0,100.0,"n"
59.0,77.0,60.0,44.0,69.0,0.0,0.0,6.0,36.0,43.0,100.0,72.0,96.0,100.0,31.0,75.0,"n"
55.0,100.0,43.0,41.0,100.0,42.0,61.0,96.0,45.0,43.0,10.0,0.0,98.0,20.0,0.0,27.0,"n"
82.0,83.0,39.0,100.0,10.0,64.0,71.0,33.0,72.0,0.0,0.0,10.0,42.0,48.0,100.0,82.0,"n"
95.0,88.0,23.0,100.0,57.0,62.0,100.0,24.0,42.0,0.0,0.0,31.0,44.0,69.0,87.0,97.0,"n"
51.0,65.0,59.0,100.0,0.0,72.0,63.0,37.0,100.0,1.0,4.0,0.0,15.0,37.0,99.0,62.0,"n"
78.0,97.0,44.0,68.0,100.0,30.0,65.0,0.0,38.0,35.0,84.0,77.0,76.0,100.0,0.0,72.0,"n"
14.0,70.0,58.0,36.0,28.0,0.0,0.0,30.0,48.0,66.0,100.0,100.0,46.0,95.0,22.0,55.0,"n"
68.0,90.0,62.0,80.0,100.0,34.0,54.0,0.0,0.0,21.0,55.0,58.0,97.0,100.0,29.0,96.0,"n"
100.0,100.0,41.0,92.0,20.0,60.0,38.0,24.0,0.0,0.0,0.0,24.0,47.0,48.0,97.0,71.0,"n"
55.0,95.0,0.0,100.0,26.0,67.0,64.0,33.0,50.0,0.0,16.0,29.0,47.0,63.0,100.0,90.0,"n"
72.0,88.0,13.0,100.0,0.0,67.0,28.0,30.0,22.0,0.0,3.0,34.0,51.0,62.0,100.0,90.0,"n"
74.0,88.0,15.0,100.0,25.0,61.0,82.0,27.0,56.0,0.0,0.0,23.0,52.0,58.0,100.0,90.0,"n"
67.0,73.0,40.0,100.0,10.0,69.0,34.0,31.0,29.0,0.0,0.0,24.0,51.0,47.0,100.0,72.0,"n"
49.0,92.0,58.0,48.0,66.0,4.0,0.0,0.0,39.0,36.0,100.0,65.0,92.0,100.0,25.0,88.0,"n"
25.0,85.0,68.0,51.0,91.0,13.0,16.0,0.0,50.0,33.0,100.0,65.0,79.0,100.0,0.0,89.0,"n"
92.0,78.0,27.0,100.0,0.0,67.0,67.0,36.0,100.0,0.0,14.0,5.0,40.0,44.0,95.0,76.0,"n"
46.0,62.0,85.0,96.0,15.0,100.0,12.0,60.0,44.0,19.0,0.0,0.0,28.0,37.0,100.0,55.0,"n"
73.0,86.0,12.0,100.0,0.0,66.0,77.0,35.0,100.0,0.0,6.0,8.0,34.0,48.0,75.0,85.0,"n"
26.0,93.0,15.0,77.0,97.0,45.0,95.0,1.0,0.0,0.0,42.0,45.0,100.0,88.0,23.0,100.0,"n"
58.0,58.0,100.0,94.0,45.0,100.0,41.0,59.0,72.0,20.0,10.0,0.0,0.0,31.0,67.0,57.0,"n"
80.0,89.0,52.0,97.0,46.0,49.0,59.0,0.0,0.0,6.0,51.0,44.0,100.0,84.0,49.0,100.0,"n"
0.0,57.0,35.0,95.0,100.0,100.0,95.0,57.0,53.0,19.0,43.0,0.0,60.0,38.0,0.0,63.0,"n"
10.0,63.0,43.0,100.0,100.0,85.0,75.0,43.0,35.0,6.0,61.0,0.0,58.0,35.0,0.0,66.0,"n"
100.0,93.0,47.0,100.0,7.0,70.0,43.0,32.0,27.0,0.0,0.0,32.0,36.0,70.0,83.0,100.0,"n"
64.0,87.0,0.0,100.0,35.0,53.0,78.0,6.0,19.0,0.0,61.0,41.0,100.0,82.0,44.0,78.0,"n"
100.0,100.0,21.0,84.0,41.0,44.0,79.0,6.0,0.0,0.0,33.0,39.0,80.0,76.0,49.0,97.0,"n"
54.0,83.0,11.0,68.0,44.0,32.0,30.0,0.0,0.0,27.0,49.0,59.0,100.0,90.0,21.0,100.0,"n"
21.0,64.0,55.0,29.0,7.0,0.0,0.0,32.0,55.0,65.0,100.0,100.0,20.0,93.0,12.0,57.0,"n"
31.0,87.0,22.0,49.0,83.0,100.0,0.0,74.0,45.0,67.0,23.0,0.0,100.0,37.0,15.0,38.0,"n"
60.0,65.0,95.0,100.0,100.0,76.0,67.0,38.0,37.0,0.0,76.0,8.0,57.0,44.0,0.0,62.0,"n"
100.0,82.0,39.0,100.0,16.0,71.0,56.0,38.0,68.0,2.0,0.0,0.0,21.0,34.0,93.0,55.0,"n"
80.0,84.0,11.0,100.0,19.0,64.0,100.0,35.0,88.0,0.0,0.0,15.0,42.0,52.0,99.0,88.0,"n"
69.0,90.0,33.0,61.0,75.0,16.0,12.0,0.0,0.0,38.0,77.0,59.0,100.0,100.0,20.0,95.0,"n"
1.0,74.0,23.0,100.0,83.0,87.0,75.0,42.0,49.0,0.0,100.0,2.0,55.0,34.0,0.0,64.0,"n"
11.0,58.0,65.0,35.0,67.0,0.0,4.0,19.0,41.0,53.0,100.0,81.0,57.0,100.0,0.0,79.0,"n"
95.0,83.0,17.0,87.0,51.0,48.0,92.0,10.0,0.0,0.0,25.0,37.0,100.0,69.0,94.0,100.0,"n"
13.0,71.0,51.0,100.0,100.0,78.0,57.0,39.0,15.0,0.0,79.0,8.0,25.0,44.0,0.0,82.0,"n"
6.0,50.0,41.0,50.0,100.0,19.0,44.0,0.0,20.0,37.0,63.0,73.0,65.0,100.0,0.0,73.0,"n"
80.0,96.0,24.0,100.0,33.0,61.0,49.0,21.0,11.0,0.0,0.0,36.0,48.0,63.0,100.0,89.0,"n"
49.0,82.0,6.0,100.0,0.0,65.0,19.0,27.0,15.0,0.0,8.0,38.0,48.0,62.0,100.0,68.0,"n"
76.0,76.0,39.0,100.0,0.0,76.0,41.0,39.0,73.0,0.0,17.0,7.0,35.0,47.0,100.0,69.0,"n"
100.0,100.0,42.0,100.0,1.0,71.0,18.0,33.0,14.0,0.0,0.0,32.0,36.0,64.0,83.0,92.0,"n"
58.0,94.0,14.0,82.0,31.0,32.0,11.0,0.0,0.0,36.0,58.0,65.0,100.0,97.0,30.0,100.0,"n"
78.0,81.0,41.0,91.0,41.0,44.0,56.0,0.0,0.0,18.0,48.0,60.0,100.0,100.0,33.0,91.0,"n"
52.0,95.0,0.0,83.0,42.0,41.0,81.0,0.0,1.0,2.0,44.0,39.0,100.0,75.0,50.0,100.0,"n"
32.0,63.0,76.0,31.0,50.0,0.0,0.0,14.0,50.0,44.0,100.0,73.0,78.0,100.0,24.0,75.0,"n"
86.0,98.0,19.0,85.0,47.0,41.0,74.0,0.0,0.0,10.0,42.0,49.0,100.0,84.0,51.0,100.0,"n"
100.0,96.0,47.0,92.0,36.0,58.0,58.0,20.0,17.0,0.0,0.0,33.0,27.0,69.0,65.0,100.0,"n"
42.0,78.0,56.0,78.0,100.0,38.0,50.0,0.0,8.0,20.0,58.0,60.0,94.0,100.0,0.0,89.0,"n"
100.0,100.0,19.0,93.0,0.0,53.0,27.0,11.0,1.0,0.0,29.0,41.0,79.0,77.0,54.0,96.0,"n"
13.0,93.0,56.0,60.0,100.0,25.0,35.0,0.0,8.0,29.0,60.0,63.0,81.0,100.0,0.0,98.0,"n"
38.0,76.0,0.0,91.0,39.0,45.0,75.0,0.0,24.0,12.0,58.0,58.0,100.0,100.0,37.0,94.0,"n"
28.0,60.0,15.0,100.0,100.0,98.0,74.0,50.0,21.0,6.0,76.0,0.0,23.0,43.0,0.0,87.0,"n"
100.0,88.0,47.0,100.0,28.0,62.0,74.0,27.0,55.0,0.0,0.0,19.0,32.0,60.0,86.0,88.0,"n"
77.0,100.0,41.0,79.0,56.0,38.0,34.0,0.0,0.0,19.0,53.0,50.0,100.0,82.0,39.0,94.0,"n"
12.0,52.0,65.0,54.0,100.0,23.0,47.0,0.0,39.0,33.0,74.0,67.0,68.0,100.0,0.0,90.0,"n"
57.0,90.0,0.0,88.0,46.0,52.0,100.0,19.0,39.0,0.0,33.0,37.0,69.0,75.0,39.0,100.0,"n"
39.0,100.0,75.0,61.0,100.0,98.0,34.0,81.0,9.0,30.0,72.0,0.0,83.0,45.0,0.0,50.0,"n"
77.0,100.0,0.0,87.0,36.0,41.0,60.0,0.0,6.0,19.0,70.0,56.0,100.0,97.0,12.0,90.0,"n"
83.0,100.0,9.0,87.0,57.0,44.0,60.0,0.0,0.0,17.0,56.0,56.0,100.0,95.0,10.0,100.0,"n"
38.0,54.0,100.0,82.0,64.0,100.0,34.0,65.0,60.0,27.0,17.0,0.0,0.0,32.0,59.0,62.0,"n"
51.0,58.0,83.0,100.0,0.0,92.0,3.0,49.0,68.0,10.0,13.0,0.0,15.0,43.0,100.0,77.0,"n"
3.0,83.0,47.0,67.0,51.0,25.0,0.0,0.0,11.0,37.0,65.0,69.0,100.0,100.0,21.0,92.0,"n"
85.0,52.0,85.0,98.0,0.0,79.0,65.0,39.0,100.0,0.0,9.0,13.0,62.0,56.0,100.0,100.0,"n"
0.0,63.0,56.0,35.0,98.0,0.0,41.0,1.0,62.0,39.0,100.0,74.0,69.0,100.0,10.0,74.0,"n"
62.0,100.0,0.0,96.0,40.0,62.0,100.0,30.0,43.0,0.0,6.0,27.0,38.0,73.0,13.0,99.0,"n"
11.0,75.0,49.0,47.0,83.0,10.0,0.0,0.0,34.0,37.0,100.0,70.0,95.0,100.0,5.0,79.0,"n"
63.0,98.0,8.0,83.0,73.0,43.0,100.0,0.0,0.0,5.0,35.0,49.0,97.0,90.0,13.0,100.0,"n"
87.0,100.0,36.0,71.0,85.0,35.0,52.0,0.0,0.0,13.0,51.0,49.0,100.0,85.0,44.0,97.0,"n"
0.0,79.0,25.0,50.0,98.0,25.0,71.0,0.0,10.0,16.0,50.0,47.0,100.0,76.0,83.0,100.0,"n"
88.0,77.0,30.0,96.0,46.0,48.0,68.0,0.0,0.0,2.0,45.0,46.0,100.0,88.0,38.0,100.0,"n"
67.0,100.0,10.0,92.0,29.0,53.0,50.0,14.0,1.0,0.0,0.0,37.0,45.0,67.0,100.0,87.0,"n"
67.0,99.0,18.0,97.0,32.0,47.0,69.0,0.0,0.0,4.0,45.0,49.0,100.0,91.0,42.0,100.0,"n"
73.0,78.0,30.0,100.0,0.0,70.0,75.0,39.0,92.0,0.0,21.0,21.0,75.0,60.0,100.0,88.0,"n"
18.0,72.0,59.0,38.0,64.0,0.0,0.0,9.0,50.0,41.0,100.0,73.0,73.0,100.0,9.0,80.0,"n"
7.0,82.0,69.0,100.0,100.0,73.0,55.0,37.0,15.0,0.0,74.0,0.0,34.0,38.0,0.0,72.0,"n"
29.0,100.0,0.0,75.0,53.0,54.0,100.0,30.0,78.0,0.0,56.0,25.0,66.0,63.0,15.0,71.0,"n"
54.0,90.0,22.0,65.0,100.0,77.0,48.0,100.0,14.0,49.0,0.0,0.0,73.0,16.0,44.0,66.0,"n"
46.0,78.0,59.0,42.0,51.0,0.0,0.0,6.0,47.0,39.0,100.0,69.0,90.0,100.0,21.0,94.0,"n"
93.0,75.0,80.0,100.0,0.0,74.0,51.0,38.0,96.0,4.0,6.0,0.0,32.0,43.0,100.0,79.0,"n"
75.0,100.0,0.0,88.0,54.0,58.0,100.0,24.0,44.0,0.0,2.0,29.0,41.0,65.0,22.0,96.0,"n"
88.0,97.0,28.0,91.0,26.0,43.0,100.0,5.0,0.0,0.0,37.0,51.0,94.0,100.0,31.0,87.0,"n"
49.0,72.0,46.0,100.0,0.0,71.0,48.0,35.0,79.0,0.0,11.0,21.0,40.0,58.0,100.0,86.0,"n"
100.0,84.0,57.0,88.0,73.0,43.0,63.0,0.0,0.0,6.0,45.0,45.0,99.0,80.0,83.0,100.0,"n"
54.0,57.0,70.0,100.0,0.0,83.0,37.0,41.0,90.0,0.0,19.0,0.0,36.0,45.0,100.0,82.0,"n"
61.0,73.0,52.0,100.0,14.0,72.0,54.0,36.0,58.0,0.0,0.0,17.0,45.0,49.0,100.0,79.0,"n"
40.0,56.0,100.0,92.0,26.0,100.0,15.0,51.0,77.0,9.0,0.0,0.0,16.0,46.0,100.0,80.0,"n"
35.0,55.0,46.0,55.0,100.0,23.0,60.0,0.0,5.0,28.0,32.0,64.0,65.0,100.0,0.0,79.0,"n"
40.0,100.0,0.0,75.0,73.0,40.0,81.0,0.0,1.0,9.0,54.0,51.0,100.0,93.0,15.0,98.0,"n"
64.0,94.0,50.0,74.0,90.0,36.0,55.0,0.0,0.0,15.0,48.0,51.0,100.0,86.0,24.0,100.0,"n"
23.0,49.0,81.0,69.0,100.0,100.0,35.0,87.0,33.0,53.0,68.0,21.0,13.0,0.0,0.0,28.0,"n"
32.0,97.0,34.0,58.0,61.0,21.0,0.0,0.0,5.0,35.0,55.0,66.0,100.0,100.0,39.0,93.0,"n"
59.0,43.0,100.0,79.0,64.0,100.0,22.0,66.0,55.0,28.0,12.0,0.0,0.0,27.0,67.0,56.0,"n"
100.0,88.0,20.0,100.0,43.0,54.0,78.0,10.0,0.0,0.0,12.0,42.0,83.0,74.0,50.0,93.0,"n"
92.0,78.0,42.0,100.0,0.0,70.0,41.0,36.0,86.0,2.0,19.0,0.0,28.0,34.0,100.0,63.0,"n"
71.0,73.0,92.0,100.0,18.0,81.0,25.0,45.0,45.0,9.0,0.0,0.0,18.0,33.0,100.0,52.0,"n"
78.0,91.0,11.0,100.0,6.0,67.0,38.0,34.0,51.0,0.0,0.0,20.0,35.0,51.0,100.0,72.0,"n"
3.0,97.0,42.0,63.0,100.0,31.0,61.0,0.0,0.0,19.0,38.0,57.0,80.0,95.0,32.0,100.0,"n"
80.0,50.0,77.0,96.0,21.0,100.0,58.0,55.0,77.0,9.0,0.0,0.0,24.0,46.0,100.0,82.0,"n"
40.0,79.0,45.0,55.0,69.0,19.0,15.0,0.0,13.0,36.0,67.0,68.0,100.0,100.0,0.0,99.0,"n"
100.0,100.0,33.0,91.0,44.0,60.0,84.0,29.0,46.0,0.0,0.0,14.0,39.0,46.0,87.0,75.0,"n"
91.0,90.0,31.0,100.0,0.0,65.0,57.0,32.0,84.0,0.0,15.0,14.0,44.0,57.0,100.0,83.0,"n"
61.0,100.0,0.0,70.0,54.0,38.0,100.0,5.0,13.0,0.0,34.0,36.0,87.0,71.0,36.0,84.0,"n"
61.0,56.0,45.0,100.0,0.0,69.0,58.0,38.0,100.0,0.0,38.0,3.0,46.0,54.0,79.0,99.0,"n"
100.0,100.0,46.0,90.0,57.0,55.0,91.0,23.0,46.0,0.0,0.0,17.0,35.0,50.0,85.0,75.0,"n"
39.0,85.0,86.0,49.0,100.0,11.0,6.0,0.0,31.0,35.0,96.0,67.0,90.0,100.0,0.0,85.0,"n"
77.0,90.0,8.0,100.0,1.0,64.0,55.0,31.0,60.0,0.0,0.0,27.0,29.0,65.0,100.0,89.0,"n"
70.0,98.0,0.0,99.0,36.0,48.0,93.0,0.0,4.0,0.0,16.0,46.0,100.0,79.0,48.0,100.0,"n"
4.0,62.0,61.0,32.0,53.0,0.0,0.0,11.0,53.0,42.0,100.0,74.0,80.0,100.0,12.0,74.0,"n"
6.0,36.0,60.0,64.0,74.0,100.0,19.0,83.0,62.0,51.0,100.0,18.0,40.0,0.0,0.0,28.0,"n"
39.0,84.0,0.0,86.0,40.0,42.0,76.0,0.0,20.0,9.0,57.0,54.0,100.0,96.0,44.0,100.0,"n"
90.0,100.0,0.0,86.0,42.0,44.0,53.0,0.0,17.0,15.0,73.0,56.0,100.0,99.0,8.0,99.0,"n"
20.0,86.0,0.0,73.0,82.0,85.0,35.0,100.0,19.0,45.0,30.0,0.0,100.0,33.0,24.0,54.0,"n"
73.0,91.0,21.0,85.0,50.0,37.0,46.0,0.0,0.0,24.0,54.0,63.0,100.0,100.0,30.0,78.0,"n"
0.0,100.0,31.0,67.0,98.0,38.0,86.0,0.0,15.0,8.0,65.0,45.0,100.0,84.0,26.0,86.0,"n"
35.0,95.0,51.0,60.0,72.0,15.0,22.0,0.0,0.0,36.0,53.0,66.0,100.0,99.0,33.0,100.0,"n"
68.0,100.0,0.0,90.0,62.0,47.0,100.0,0.0,15.0,5.0,53.0,55.0,97.0,100.0,18.0,84.0,"n"
60.0,73.0,59.0,100.0,19.0,73.0,53.0,36.0,51.0,0.0,0.0,20.0,50.0,52.0,100.0,80.0,"n"
68.0,89.0,17.0,100.0,28.0,63.0,72.0,28.0,36.0,0.0,0.0,32.0,47.0,64.0,100.0,95.0,"n"
0.0,75.0,15.0,53.0,77.0,22.0,33.0,0.0,20.0,34.0,72.0,67.0,100.0,100.0,5.0,89.0,"n"
100.0,98.0,24.0,100.0,6.0,68.0,78.0,41.0,70.0,0.0,0.0,9.0,32.0,53.0,83.0,93.0,"n"
24.0,49.0,98.0,70.0,100.0,100.0,49.0,74.0,84.0,35.0,69.0,0.0,0.0,18.0,69.0,45.0,"n"
9.0,41.0,73.0,80.0,0.0,100.0,28.0,56.0,92.0,16.0,35.0,0.0,22.0,42.0,100.0,74.0,"n"
11.0,17.0,54.0,54.0,99.0,92.0,42.0,100.0,31.0,64.0,100.0,35.0,75.0,0.0,0.0,13.0,"n"
20.0,69.0,35.0,100.0,100.0,95.0,61.0,53.0,19.0,11.0,67.0,0.0,35.0,38.0,0.0,80.0,"n"
44.0,93.0,4.0,83.0,43.0,42.0,40.0,0.0,0.0,16.0,48.0,52.0,100.0,86.0,49.0,100.0,"n"
41.0,94.0,22.0,69.0,90.0,42.0,100.0,3.0,20.0,0.0,0.0,37.0,47.0,73.0,40.0,100.0,"n"
73.0,83.0,27.0,87.0,22.0,41.0,0.0,0.0,8.0,36.0,55.0,68.0,100.0,100.0,42.0,85.0,"n"
56.0,95.0,42.0,62.0,38.0,17.0,0.0,0.0,27.0,38.0,64.0,69.0,100.0,100.0,53.0,94.0,"n"
89.0,76.0,40.0,100.0,9.0,61.0,100.0,29.0,91.0,0.0,0.0,25.0,64.0,63.0,91.0,100.0,"n"
76.0,93.0,28.0,69.0,100.0,75.0,34.0,100.0,38.0,41.0,0.0,0.0,72.0,12.0,21.0,52.0,"n"
5.0,76.0,29.0,100.0,100.0,81.0,55.0,39.0,0.0,0.0,61.0,3.0,15.0,44.0,21.0,83.0,"n"
77.0,99.0,0.0,73.0,100.0,100.0,12.0,84.0,6.0,48.0,12.0,0.0,99.0,39.0,16.0,51.0,"n"
32.0,66.0,87.0,42.0,73.0,0.0,0.0,7.0,37.0,43.0,100.0,72.0,92.0,100.0,30.0,76.0,"n"
53.0,64.0,100.0,88.0,52.0,100.0,29.0,66.0,60.0,27.0,30.0,0.0,0.0,24.0,46.0,53.0,"n"
82.0,96.0,63.0,62.0,100.0,25.0,45.0,0.0,18.0,32.0,77.0,65.0,97.0,100.0,0.0,98.0,"n"
53.0,79.0,0.0,92.0,19.0,58.0,80.0,27.0,57.0,0.0,26.0,34.0,80.0,68.0,100.0,100.0,"n"
66.0,72.0,27.0,100.0,0.0,75.0,45.0,39.0,63.0,0.0,11.0,24.0,50.0,61.0,100.0,87.0,"n"
56.0,91.0,12.0,77.0,65.0,37.0,74.0,0.0,0.0,18.0,50.0,59.0,100.0,99.0,24.0,100.0,"n"
8.0,67.0,47.0,100.0,100.0,83.0,72.0,42.0,32.0,5.0,80.0,0.0,45.0,35.0,0.0,69.0,"n"
56.0,63.0,71.0,100.0,1.0,81.0,48.0,42.0,76.0,0.0,0.0,13.0,27.0,56.0,100.0,86.0,"n"
81.0,100.0,49.0,81.0,76.0,38.0,50.0,0.0,0.0,17.0,58.0,51.0,100.0,91.0,30.0,98.0,"n"
77.0,100.0,11.0,67.0,100.0,72.0,43.0,99.0,36.0,32.0,0.0,0.0,84.0,2.0,30.0,46.0,"n"
66.0,82.0,2.0,100.0,0.0,67.0,57.0,37.0,62.0,0.0,6.0,22.0,32.0,60.0,100.0,84.0,"n"
100.0,78.0,43.0,100.0,2.0,72.0,51.0,35.0,46.0,0.0,0.0,24.0,50.0,58.0,76.0,90.0,"n"
59.0,77.0,0.0,77.0,49.0,38.0,93.0,0.0,10.0,6.0,38.0,45.0,100.0,79.0,52.0,100.0,"n"
100.0,87.0,70.0,100.0,50.0,66.0,69.0,28.0,35.0,0.0,0.0,17.0,44.0,46.0,92.0,72.0,"n"
0.0,86.0,35.0,67.0,98.0,33.0,81.0,0.0,24.0,22.0,74.0,60.0,100.0,100.0,15.0,99.0,"n"
53.0,97.0,0.0,72.0,66.0,38.0,95.0,0.0,29.0,15.0,71.0,55.0,100.0,98.0,15.0,100.0,"n"
0.0,45.0,53.0,36.0,62.0,0.0,7.0,6.0,52.0,38.0,100.0,70.0,71.0,100.0,11.0,84.0,"n"
90.0,52.0,79.0,100.0,0.0,99.0,19.0,50.0,66.0,4.0,16.0,0.0,34.0,51.0,100.0,86.0,"n"
84.0,72.0,65.0,100.0,16.0,73.0,51.0,36.0,65.0,0.0,0.0,5.0,37.0,39.0,100.0,61.0,"n"
11.0,100.0,17.0,71.0,73.0,37.0,100.0,0.0,9.0,11.0,27.0,48.0,92.0,79.0,0.0,95.0,"n"
100.0,100.0,43.0,78.0,80.0,39.0,76.0,0.0,0.0,10.0,39.0,46.0,86.0,82.0,10.0,97.0,"n"
33.0,90.0,57.0,56.0,91.0,20.0,9.0,0.0,0.0,33.0,76.0,64.0,100.0,100.0,4.0,96.0,"n"
38.0,42.0,96.0,71.0,100.0,100.0,32.0,77.0,43.0,38.0,62.0,0.0,0.0,5.0,49.0,39.0,"n"
66.0,48.0,100.0,82.0,52.0,100.0,39.0,64.0,79.0,29.0,43.0,0.0,0.0,26.0,59.0,56.0,"n"
1.0,67.0,44.0,100.0,100.0,75.0,64.0,36.0,17.0,0.0,100.0,18.0,42.0,52.0,0.0,88.0,"n"
39.0,100.0,69.0,58.0,95.0,10.0,14.0,0.0,17.0,42.0,100.0,66.0,91.0,100.0,0.0,100.0,"n"
0.0,83.0,18.0,50.0,63.0,16.0,23.0,0.0,3.0,35.0,50.0,68.0,100.0,100.0,13.0,95.0,"n"
96.0,90.0,2.0,68.0,78.0,32.0,85.0,0.0,15.0,26.0,72.0,67.0,100.0,100.0,0.0,71.0,"n"
88.0,95.0,60.0,69.0,74.0,18.0,10.0,0.0,0.0,35.0,67.0,59.0,100.0,100.0,36.0,100.0,"n"
89.0,79.0,23.0,71.0,70.0,30.0,36.0,0.0,0.0,26.0,72.0,63.0,100.0,100.0,2.0,76.0,"n"
59.0,100.0,6.0,57.0,100.0,72.0,26.0,86.0,64.0,46.0,0.0,0.0,91.0,10.0,35.0,34.0,"n"
64.0,75.0,43.0,100.0,40.0,60.0,100.0,28.0,81.0,0.0,0.0,6.0,38.0,44.0,72.0,75.0,"n"
56.0,100.0,39.0,68.0,70.0,27.0,29.0,0.0,0.0,33.0,62.0,60.0,100.0,90.0,30.0,95.0,"n"
0.0,72.0,59.0,43.0,90.0,7.0,27.0,0.0,20.0,37.0,67.0,70.0,100.0,100.0,22.0,86.0,"n"
72.0,97.0,64.0,54.0,69.0,0.0,0.0,13.0,28.0,50.0,100.0,73.0,96.0,100.0,19.0,90.0,"n"
15.0,62.0,56.0,100.0,100.0,88.0,74.0,43.0,41.0,0.0,88.0,8.0,65.0,50.0,0.0,60.0,"n"
0.0,69.0,49.0,35.0,63.0,0.0,1.0,6.0,41.0,41.0,100.0,72.0,99.0,100.0,19.0,76.0,"n"
69.0,70.0,61.0,100.0,2.0,84.0,23.0,41.0,48.0,0.0,0.0,23.0,43.0,59.0,100.0,84.0,"n"
45.0,71.0,63.0,100.0,20.0,78.0,44.0,39.0,51.0,0.0,0.0,11.0,40.0,40.0,100.0,52.0,"n"
59.0,100.0,10.0,71.0,99.0,78.0,31.0,96.0,0.0,45.0,41.0,0.0,100.0,35.0,23.0,61.0,"n"
68.0,82.0,38.0,65.0,74.0,27.0,34.0,0.0,0.0,33.0,53.0,66.0,100.0,100.0,16.0,95.0,"n"
32.0,68.0,0.0,100.0,38.0,71.0,100.0,37.0,75.0,0.0,13.0,18.0,35.0,59.0,90.0,95.0,"n"
75.0,75.0,38.0,100.0,12.0,64.0,88.0,31.0,89.0,0.0,0.0,20.0,29.0,62.0,100.0,96.0,"n"
85.0,96.0,38.0,77.0,100.0,40.0,68.0,0.0,0.0,20.0,51.0,59.0,98.0,100.0,32.0,86.0,"n"
23.0,78.0,51.0,100.0,100.0,78.0,70.0,40.0,40.0,0.0,78.0,2.0,37.0,37.0,0.0,74.0,"n"
42.0,100.0,20.0,71.0,100.0,84.0,20.0,97.0,0.0,48.0,14.0,0.0,73.0,24.0,8.0,58.0,"n"
78.0,96.0,9.0,75.0,100.0,66.0,82.0,100.0,17.0,54.0,0.0,0.0,81.0,18.0,24.0,61.0,"n"
72.0,72.0,51.0,100.0,4.0,75.0,44.0,38.0,52.0,0.0,0.0,17.0,41.0,53.0,100.0,81.0,"n"
57.0,89.0,0.0,100.0,1.0,68.0,43.0,34.0,30.0,0.0,1.0,31.0,41.0,65.0,100.0,86.0,"n"
20.0,77.0,61.0,100.0,100.0,80.0,48.0,46.0,9.0,7.0,68.0,0.0,25.0,39.0,0.0,82.0,"n"
84.0,90.0,0.0,91.0,51.0,56.0,98.0,19.0,36.0,0.0,43.0,40.0,100.0,75.0,62.0,100.0,"n"
42.0,99.0,55.0,61.0,71.0,24.0,18.0,0.0,0.0,30.0,64.0,61.0,100.0,94.0,9.0,100.0,"n"
10.0,81.0,61.0,100.0,100.0,76.0,64.0,38.0,35.0,0.0,83.0,10.0,51.0,48.0,0.0,76.0,"n"
